This is LuaHBTeX, Version 1.18.0 (TeX Live 2024/nixos.org)  (format=lualatex 1980.1.1)  1 JAN 1980 01:00
 system commands enabled.
 file:line:error style messages enabled.
**/home/bogdb/publications/2025/symreg_physical_sciences/slides/slides.tex
(/home/bogdb/publications/2025/symreg_physical_sciences/slides/slides.tex
LaTeX2e <2024-11-01> patch level 2
L3 programming layer <2025-01-18>
Lua module: luaotfload 2024-12-03 v3.29 Lua based OpenType font support
Lua module: lualibs 2023-07-13 v2.76 ConTeXt Lua standard libraries.
Lua module: lualibs-extended 2023-07-13 v2.76 ConTeXt Lua libraries -- extended collection.
luaotfload | conf : Root cache directory is "/home/bogdb/.texlive2024/texmf-var/luatex-cache/generic/names".
luaotfload | init : Loading fontloader "fontloader-2023-12-28.lua" from kpse-resolved path "/nix/store/l6hnsjs1h7bpwm3nbyklh1maabzd17nx-texlive-combined-2024-texmfdist/tex/luatex/luaotfload/fontloader-2023-12-28.lua".
Lua-only attribute luaotfload@noligature = 1
luaotfload | init : Context OpenType loader version 3.134
Inserting `luaotfload.node_processor' in `pre_linebreak_filter'.
Inserting `luaotfload.node_processor' in `hpack_filter'.
Inserting `luaotfload.glyph_stream' in `glyph_stream_provider'.
Inserting `luaotfload.define_font' in `define_font'.
Lua-only attribute luaotfload_color_attribute = 2
luaotfload | conf : Root cache directory is "/home/bogdb/.texlive2024/texmf-var/luatex-cache/generic/names".
Inserting `luaotfload.harf.strip_prefix' in `find_opentype_file'.
Inserting `luaotfload.harf.strip_prefix' in `find_truetype_file'.
Removing  `luaotfload.glyph_stream' from `glyph_stream_provider'.
Inserting `luaotfload.harf.glyphstream' in `glyph_stream_provider'.
Inserting `luaotfload.harf.finalize_vlist' in `post_linebreak_filter'.
Inserting `luaotfload.harf.finalize_hlist' in `hpack_filter'.
Inserting `luaotfload.cleanup_files' in `wrapup_run'.
Inserting `luaotfload.harf.finalize_unicode' in `finish_pdffile'.
Inserting `luaotfload.glyphinfo' in `glyph_info'.
Lua-only attribute luaotfload.letterspace_done = 3
Inserting `luaotfload.aux.set_sscale_dimens' in `luaotfload.patch_font'.
Inserting `luaotfload.aux.set_font_index' in `luaotfload.patch_font'.
Inserting `luaotfload.aux.patch_cambria_domh' in `luaotfload.patch_font'.
Inserting `luaotfload.aux.fixup_fontdata' in `luaotfload.patch_font_unsafe'.
Inserting `luaotfload.aux.set_capheight' in `luaotfload.patch_font'.
Inserting `luaotfload.aux.set_xheight' in `luaotfload.patch_font'.
Inserting `luaotfload.rewrite_fontname' in `luaotfload.patch_font'.
Inserting `tracingstacklevels' in `input_level_string'. (/nix/store/l6hnsjs1h7bpwm3nbyklh1maabzd17nx-texlive-combined-2024-texmfdist/tex/latex/beamer/beamer.cls
Document Class: beamer 2025/02/04 v3.72 A class for typesetting presentations
(/nix/store/l6hnsjs1h7bpwm3nbyklh1maabzd17nx-texlive-combined-2024-texmfdist/tex/latex/beamer/beamerbasemodes.sty (/nix/store/l6hnsjs1h7bpwm3nbyklh1maabzd17nx-texlive-combined-2024-texmfdist/tex/latex/etoolbox/etoolbox.sty
Package: etoolbox 2025/02/11 v2.5l e-TeX tools for LaTeX (JAW)
\etb@tempcnta=\count194
)
\beamer@tempbox=\box52
\beamer@tempcount=\count195
\c@beamerpauses=\count196
 (/nix/store/l6hnsjs1h7bpwm3nbyklh1maabzd17nx-texlive-combined-2024-texmfdist/tex/latex/beamer/beamerbasedecode.sty
\beamer@slideinframe=\count197
\beamer@minimum=\count198
\beamer@decode@box=\box53
)
\beamer@commentbox=\box54
\beamer@modecount=\count199
) (/nix/store/l6hnsjs1h7bpwm3nbyklh1maabzd17nx-texlive-combined-2024-texmfdist/tex/generic/iftex/iftex.sty
Package: iftex 2024/12/12 v1.0g TeX engine tests
)
\headdp=\dimen140
\footheight=\dimen141
\sidebarheight=\dimen142
\beamer@tempdim=\dimen143
\beamer@finalheight=\dimen144
\beamer@animht=\dimen145
\beamer@animdp=\dimen146
\beamer@animwd=\dimen147
\beamer@leftmargin=\dimen148
\beamer@rightmargin=\dimen149
\beamer@leftsidebar=\dimen150
\beamer@rightsidebar=\dimen151
\beamer@boxsize=\dimen152
\beamer@vboxoffset=\dimen153
\beamer@descdefault=\dimen154
\beamer@descriptionwidth=\dimen155
\beamer@lastskip=\skip49
\beamer@areabox=\box55
\beamer@animcurrent=\box56
\beamer@animshowbox=\box57
\beamer@sectionbox=\box58
\beamer@logobox=\box59
\beamer@linebox=\box60
\beamer@sectioncount=\count266
\beamer@subsubsectionmax=\count267
\beamer@subsectionmax=\count268
\beamer@sectionmax=\count269
\beamer@totalheads=\count270
\beamer@headcounter=\count271
\beamer@partstartpage=\count272
\beamer@sectionstartpage=\count273
\beamer@subsectionstartpage=\count274
\beamer@animationtempa=\count275
\beamer@animationtempb=\count276
\beamer@xpos=\count277
\beamer@ypos=\count278
\beamer@ypos@offset=\count279
\beamer@showpartnumber=\count280
\beamer@currentsubsection=\count281
\beamer@coveringdepth=\count282
\beamer@sectionadjust=\count283
\beamer@toclastsection=\count284
\beamer@tocsectionnumber=\count285
 (/nix/store/l6hnsjs1h7bpwm3nbyklh1maabzd17nx-texlive-combined-2024-texmfdist/tex/latex/beamer/beamerbaseoptions.sty (/nix/store/l6hnsjs1h7bpwm3nbyklh1maabzd17nx-texlive-combined-2024-texmfdist/tex/latex/graphics/keyval.sty
Package: keyval 2022/05/29 v1.15 key=value parser (DPC)
\KV@toks@=\toks17
))
\beamer@paperwidth=\skip50
\beamer@paperheight=\skip51
 (/nix/store/l6hnsjs1h7bpwm3nbyklh1maabzd17nx-texlive-combined-2024-texmfdist/tex/latex/geometry/geometry.sty
Package: geometry 2020/01/02 v5.9 Page Geometry
 (/nix/store/l6hnsjs1h7bpwm3nbyklh1maabzd17nx-texlive-combined-2024-texmfdist/tex/generic/iftex/ifvtex.sty
Package: ifvtex 2019/10/25 v1.7 ifvtex legacy package. Use iftex instead.
)
\Gm@cnth=\count286
\Gm@cntv=\count287
\c@Gm@tempcnt=\count288
\Gm@bindingoffset=\dimen156
\Gm@wd@mp=\dimen157
\Gm@odd@mp=\dimen158
\Gm@even@mp=\dimen159
\Gm@layoutwidth=\dimen160
\Gm@layoutheight=\dimen161
\Gm@layouthoffset=\dimen162
\Gm@layoutvoffset=\dimen163
\Gm@dimlist=\toks18
) (/nix/store/l6hnsjs1h7bpwm3nbyklh1maabzd17nx-texlive-combined-2024-texmfdist/tex/latex/pgf/math/pgfmath.sty (/nix/store/l6hnsjs1h7bpwm3nbyklh1maabzd17nx-texlive-combined-2024-texmfdist/tex/latex/pgf/utilities/pgfrcs.sty (/nix/store/l6hnsjs1h7bpwm3nbyklh1maabzd17nx-texlive-combined-2024-texmfdist/tex/generic/pgf/utilities/pgfutil-common.tex
\pgfutil@everybye=\toks19
\pgfutil@tempdima=\dimen164
\pgfutil@tempdimb=\dimen165
) (/nix/store/l6hnsjs1h7bpwm3nbyklh1maabzd17nx-texlive-combined-2024-texmfdist/tex/generic/pgf/utilities/pgfutil-latex.def
\pgfutil@abb=\box61
) (/nix/store/l6hnsjs1h7bpwm3nbyklh1maabzd17nx-texlive-combined-2024-texmfdist/tex/generic/pgf/utilities/pgfrcs.code.tex (/nix/store/l6hnsjs1h7bpwm3nbyklh1maabzd17nx-texlive-combined-2024-texmfdist/tex/generic/pgf/pgf.revision.tex)
Package: pgfrcs 2023-01-15 v3.1.10 (3.1.10)
)) (/nix/store/l6hnsjs1h7bpwm3nbyklh1maabzd17nx-texlive-combined-2024-texmfdist/tex/latex/pgf/utilities/pgfkeys.sty (/nix/store/l6hnsjs1h7bpwm3nbyklh1maabzd17nx-texlive-combined-2024-texmfdist/tex/generic/pgf/utilities/pgfkeys.code.tex
\pgfkeys@pathtoks=\toks20
\pgfkeys@temptoks=\toks21
 (/nix/store/l6hnsjs1h7bpwm3nbyklh1maabzd17nx-texlive-combined-2024-texmfdist/tex/generic/pgf/utilities/pgfkeyslibraryfiltered.code.tex
\pgfkeys@tmptoks=\toks22
))) (/nix/store/l6hnsjs1h7bpwm3nbyklh1maabzd17nx-texlive-combined-2024-texmfdist/tex/generic/pgf/math/pgfmath.code.tex (/nix/store/l6hnsjs1h7bpwm3nbyklh1maabzd17nx-texlive-combined-2024-texmfdist/tex/generic/pgf/math/pgfmathutil.code.tex
\pgf@x=\dimen166
\pgf@xa=\dimen167
\pgf@xb=\dimen168
\pgf@xc=\dimen169
\pgf@y=\dimen170
\pgf@ya=\dimen171
\pgf@yb=\dimen172
\pgf@yc=\dimen173
\c@pgf@counta=\count289
\c@pgf@countb=\count290
\c@pgf@countc=\count291
\c@pgf@countd=\count292
) (/nix/store/l6hnsjs1h7bpwm3nbyklh1maabzd17nx-texlive-combined-2024-texmfdist/tex/generic/pgf/math/pgfmathparser.code.tex
\pgfmath@dimen=\dimen174
\pgfmath@count=\count293
\pgfmath@box=\box62
\pgfmath@toks=\toks23
\pgfmath@stack@operand=\toks24
\pgfmath@stack@operation=\toks25
) (/nix/store/l6hnsjs1h7bpwm3nbyklh1maabzd17nx-texlive-combined-2024-texmfdist/tex/generic/pgf/math/pgfmathfunctions.code.tex) (/nix/store/l6hnsjs1h7bpwm3nbyklh1maabzd17nx-texlive-combined-2024-texmfdist/tex/generic/pgf/math/pgfmathfunctions.basic.code.tex) (/nix/store/l6hnsjs1h7bpwm3nbyklh1maabzd17nx-texlive-combined-2024-texmfdist/tex/generic/pgf/math/pgfmathfunctions.trigonometric.code.tex) (/nix/store/l6hnsjs1h7bpwm3nbyklh1maabzd17nx-texlive-combined-2024-texmfdist/tex/generic/pgf/math/pgfmathfunctions.random.code.tex) (/nix/store/l6hnsjs1h7bpwm3nbyklh1maabzd17nx-texlive-combined-2024-texmfdist/tex/generic/pgf/math/pgfmathfunctions.comparison.code.tex) (/nix/store/l6hnsjs1h7bpwm3nbyklh1maabzd17nx-texlive-combined-2024-texmfdist/tex/generic/pgf/math/pgfmathfunctions.base.code.tex) (/nix/store/l6hnsjs1h7bpwm3nbyklh1maabzd17nx-texlive-combined-2024-texmfdist/tex/generic/pgf/math/pgfmathfunctions.round.code.tex) (/nix/store/l6hnsjs1h7bpwm3nbyklh1maabzd17nx-texlive-combined-2024-texmfdist/tex/generic/pgf/math/pgfmathfunctions.misc.code.tex) (/nix/store/l6hnsjs1h7bpwm3nbyklh1maabzd17nx-texlive-combined-2024-texmfdist/tex/generic/pgf/math/pgfmathfunctions.integerarithmetics.code.tex) (/nix/store/l6hnsjs1h7bpwm3nbyklh1maabzd17nx-texlive-combined-2024-texmfdist/tex/generic/pgf/math/pgfmathcalc.code.tex) (/nix/store/l6hnsjs1h7bpwm3nbyklh1maabzd17nx-texlive-combined-2024-texmfdist/tex/generic/pgf/math/pgfmathfloat.code.tex
\c@pgfmathroundto@lastzeros=\count294
))) (/nix/store/l6hnsjs1h7bpwm3nbyklh1maabzd17nx-texlive-combined-2024-texmfdist/tex/latex/base/size11.clo
File: size11.clo 2024/06/29 v1.4n Standard LaTeX file (size option)
luaotfload | db : Font names database loaded from /home/bogdb/.texlive2024/texmf-var/luatex-cache/generic/names/luaotfload-names.luc.gz) (/nix/store/l6hnsjs1h7bpwm3nbyklh1maabzd17nx-texlive-combined-2024-texmfdist/tex/latex/pgf/basiclayer/pgfcore.sty (/nix/store/l6hnsjs1h7bpwm3nbyklh1maabzd17nx-texlive-combined-2024-texmfdist/tex/latex/graphics/graphicx.sty
Package: graphicx 2021/09/16 v1.2d Enhanced LaTeX Graphics (DPC,SPQR)
 (/nix/store/l6hnsjs1h7bpwm3nbyklh1maabzd17nx-texlive-combined-2024-texmfdist/tex/latex/graphics/graphics.sty
Package: graphics 2024/08/06 v1.4g Standard LaTeX Graphics (DPC,SPQR)
 (/nix/store/l6hnsjs1h7bpwm3nbyklh1maabzd17nx-texlive-combined-2024-texmfdist/tex/latex/graphics/trig.sty
Package: trig 2023/12/02 v1.11 sin cos tan (DPC)
) (/nix/store/l6hnsjs1h7bpwm3nbyklh1maabzd17nx-texlive-combined-2024-texmfdist/tex/latex/graphics-cfg/graphics.cfg
File: graphics.cfg 2016/06/04 v1.11 sample graphics configuration
)
Package graphics Info: Driver file: luatex.def on input line 106.
 (/nix/store/l6hnsjs1h7bpwm3nbyklh1maabzd17nx-texlive-combined-2024-texmfdist/tex/latex/graphics-def/luatex.def
File: luatex.def 2024/04/13 v1.2e Graphics/color driver for luatex
))
\Gin@req@height=\dimen175
\Gin@req@width=\dimen176
) (/nix/store/l6hnsjs1h7bpwm3nbyklh1maabzd17nx-texlive-combined-2024-texmfdist/tex/latex/pgf/systemlayer/pgfsys.sty (/nix/store/l6hnsjs1h7bpwm3nbyklh1maabzd17nx-texlive-combined-2024-texmfdist/tex/generic/pgf/systemlayer/pgfsys.code.tex
Package: pgfsys 2023-01-15 v3.1.10 (3.1.10)
\pgf@x=\dimen177
\pgf@y=\dimen178
\pgf@xa=\dimen179
\pgf@ya=\dimen180
\pgf@xb=\dimen181
\pgf@yb=\dimen182
\pgf@xc=\dimen183
\pgf@yc=\dimen184
\pgf@xd=\dimen185
\pgf@yd=\dimen186
\w@pgf@writea=\write3
\r@pgf@reada=\read2
\c@pgf@counta=\count295
\c@pgf@countb=\count296
\c@pgf@countc=\count297
\c@pgf@countd=\count298
\t@pgf@toka=\toks26
\t@pgf@tokb=\toks27
\t@pgf@tokc=\toks28
\pgf@sys@id@count=\count299
 (/nix/store/l6hnsjs1h7bpwm3nbyklh1maabzd17nx-texlive-combined-2024-texmfdist/tex/generic/pgf/systemlayer/pgf.cfg
File: pgf.cfg 2023-01-15 v3.1.10 (3.1.10)
)
Driver file for pgf: pgfsys-luatex.def
 (/nix/store/l6hnsjs1h7bpwm3nbyklh1maabzd17nx-texlive-combined-2024-texmfdist/tex/generic/pgf/systemlayer/pgfsys-luatex.def
File: pgfsys-luatex.def 2023-01-15 v3.1.10 (3.1.10)
 (/nix/store/l6hnsjs1h7bpwm3nbyklh1maabzd17nx-texlive-combined-2024-texmfdist/tex/generic/pgf/systemlayer/pgfsys-common-pdf.def
File: pgfsys-common-pdf.def 2023-01-15 v3.1.10 (3.1.10)
))) (/nix/store/l6hnsjs1h7bpwm3nbyklh1maabzd17nx-texlive-combined-2024-texmfdist/tex/generic/pgf/systemlayer/pgfsyssoftpath.code.tex
File: pgfsyssoftpath.code.tex 2023-01-15 v3.1.10 (3.1.10)
\pgfsyssoftpath@smallbuffer@items=\count300
\pgfsyssoftpath@bigbuffer@items=\count301
) (/nix/store/l6hnsjs1h7bpwm3nbyklh1maabzd17nx-texlive-combined-2024-texmfdist/tex/generic/pgf/systemlayer/pgfsysprotocol.code.tex
File: pgfsysprotocol.code.tex 2023-01-15 v3.1.10 (3.1.10)
)) (/nix/store/l6hnsjs1h7bpwm3nbyklh1maabzd17nx-texlive-combined-2024-texmfdist/tex/latex/xcolor/xcolor.sty
Package: xcolor 2024/09/29 v3.02 LaTeX color extensions (UK)
 (/nix/store/l6hnsjs1h7bpwm3nbyklh1maabzd17nx-texlive-combined-2024-texmfdist/tex/latex/graphics-cfg/color.cfg
File: color.cfg 2016/01/02 v1.6 sample color configuration
)
Package xcolor Info: Driver file: luatex.def on input line 274.
 (/nix/store/l6hnsjs1h7bpwm3nbyklh1maabzd17nx-texlive-combined-2024-texmfdist/tex/latex/graphics/mathcolor.ltx)
Package xcolor Info: Model `cmy' substituted by `cmy0' on input line 1349.
Package xcolor Info: Model `hsb' substituted by `rgb' on input line 1353.
Package xcolor Info: Model `RGB' extended on input line 1365.
Package xcolor Info: Model `HTML' substituted by `rgb' on input line 1367.
Package xcolor Info: Model `Hsb' substituted by `hsb' on input line 1368.
Package xcolor Info: Model `tHsb' substituted by `hsb' on input line 1369.
Package xcolor Info: Model `HSB' substituted by `hsb' on input line 1370.
Package xcolor Info: Model `Gray' substituted by `gray' on input line 1371.
Package xcolor Info: Model `wave' substituted by `hsb' on input line 1372.
) (/nix/store/l6hnsjs1h7bpwm3nbyklh1maabzd17nx-texlive-combined-2024-texmfdist/tex/latex/graphics/dvipsnam.def
File: dvipsnam.def 2016/06/17 v3.0m Driver-dependent file (DPC,SPQR)
) (/nix/store/l6hnsjs1h7bpwm3nbyklh1maabzd17nx-texlive-combined-2024-texmfdist/tex/generic/pgf/basiclayer/pgfcore.code.tex
Package: pgfcore 2023-01-15 v3.1.10 (3.1.10)
 (/nix/store/l6hnsjs1h7bpwm3nbyklh1maabzd17nx-texlive-combined-2024-texmfdist/tex/generic/pgf/math/pgfint.code.tex) (/nix/store/l6hnsjs1h7bpwm3nbyklh1maabzd17nx-texlive-combined-2024-texmfdist/tex/generic/pgf/basiclayer/pgfcorepoints.code.tex
File: pgfcorepoints.code.tex 2023-01-15 v3.1.10 (3.1.10)
\pgf@picminx=\dimen187
\pgf@picmaxx=\dimen188
\pgf@picminy=\dimen189
\pgf@picmaxy=\dimen190
\pgf@pathminx=\dimen191
\pgf@pathmaxx=\dimen192
\pgf@pathminy=\dimen193
\pgf@pathmaxy=\dimen194
\pgf@xx=\dimen195
\pgf@xy=\dimen196
\pgf@yx=\dimen197
\pgf@yy=\dimen198
\pgf@zx=\dimen199
\pgf@zy=\dimen256
) (/nix/store/l6hnsjs1h7bpwm3nbyklh1maabzd17nx-texlive-combined-2024-texmfdist/tex/generic/pgf/basiclayer/pgfcorepathconstruct.code.tex
File: pgfcorepathconstruct.code.tex 2023-01-15 v3.1.10 (3.1.10)
\pgf@path@lastx=\dimen257
\pgf@path@lasty=\dimen258
) (/nix/store/l6hnsjs1h7bpwm3nbyklh1maabzd17nx-texlive-combined-2024-texmfdist/tex/generic/pgf/basiclayer/pgfcorepathusage.code.tex
File: pgfcorepathusage.code.tex 2023-01-15 v3.1.10 (3.1.10)
\pgf@shorten@end@additional=\dimen259
\pgf@shorten@start@additional=\dimen260
) (/nix/store/l6hnsjs1h7bpwm3nbyklh1maabzd17nx-texlive-combined-2024-texmfdist/tex/generic/pgf/basiclayer/pgfcorescopes.code.tex
File: pgfcorescopes.code.tex 2023-01-15 v3.1.10 (3.1.10)
\pgfpic=\box63
\pgf@hbox=\box64
\pgf@layerbox@main=\box65
\pgf@picture@serial@count=\count302
) (/nix/store/l6hnsjs1h7bpwm3nbyklh1maabzd17nx-texlive-combined-2024-texmfdist/tex/generic/pgf/basiclayer/pgfcoregraphicstate.code.tex
File: pgfcoregraphicstate.code.tex 2023-01-15 v3.1.10 (3.1.10)
\pgflinewidth=\dimen261
) (/nix/store/l6hnsjs1h7bpwm3nbyklh1maabzd17nx-texlive-combined-2024-texmfdist/tex/generic/pgf/basiclayer/pgfcoretransformations.code.tex
File: pgfcoretransformations.code.tex 2023-01-15 v3.1.10 (3.1.10)
\pgf@pt@x=\dimen262
\pgf@pt@y=\dimen263
\pgf@pt@temp=\dimen264
) (/nix/store/l6hnsjs1h7bpwm3nbyklh1maabzd17nx-texlive-combined-2024-texmfdist/tex/generic/pgf/basiclayer/pgfcorequick.code.tex
File: pgfcorequick.code.tex 2023-01-15 v3.1.10 (3.1.10)
) (/nix/store/l6hnsjs1h7bpwm3nbyklh1maabzd17nx-texlive-combined-2024-texmfdist/tex/generic/pgf/basiclayer/pgfcoreobjects.code.tex
File: pgfcoreobjects.code.tex 2023-01-15 v3.1.10 (3.1.10)
) (/nix/store/l6hnsjs1h7bpwm3nbyklh1maabzd17nx-texlive-combined-2024-texmfdist/tex/generic/pgf/basiclayer/pgfcorepathprocessing.code.tex
File: pgfcorepathprocessing.code.tex 2023-01-15 v3.1.10 (3.1.10)
) (/nix/store/l6hnsjs1h7bpwm3nbyklh1maabzd17nx-texlive-combined-2024-texmfdist/tex/generic/pgf/basiclayer/pgfcorearrows.code.tex
File: pgfcorearrows.code.tex 2023-01-15 v3.1.10 (3.1.10)
\pgfarrowsep=\dimen265
) (/nix/store/l6hnsjs1h7bpwm3nbyklh1maabzd17nx-texlive-combined-2024-texmfdist/tex/generic/pgf/basiclayer/pgfcoreshade.code.tex
File: pgfcoreshade.code.tex 2023-01-15 v3.1.10 (3.1.10)
\pgf@max=\dimen266
\pgf@sys@shading@range@num=\count303
\pgf@shadingcount=\count304
) (/nix/store/l6hnsjs1h7bpwm3nbyklh1maabzd17nx-texlive-combined-2024-texmfdist/tex/generic/pgf/basiclayer/pgfcoreimage.code.tex
File: pgfcoreimage.code.tex 2023-01-15 v3.1.10 (3.1.10)
) (/nix/store/l6hnsjs1h7bpwm3nbyklh1maabzd17nx-texlive-combined-2024-texmfdist/tex/generic/pgf/basiclayer/pgfcoreexternal.code.tex
File: pgfcoreexternal.code.tex 2023-01-15 v3.1.10 (3.1.10)
\pgfexternal@startupbox=\box66
) (/nix/store/l6hnsjs1h7bpwm3nbyklh1maabzd17nx-texlive-combined-2024-texmfdist/tex/generic/pgf/basiclayer/pgfcorelayers.code.tex
File: pgfcorelayers.code.tex 2023-01-15 v3.1.10 (3.1.10)
) (/nix/store/l6hnsjs1h7bpwm3nbyklh1maabzd17nx-texlive-combined-2024-texmfdist/tex/generic/pgf/basiclayer/pgfcoretransparency.code.tex
File: pgfcoretransparency.code.tex 2023-01-15 v3.1.10 (3.1.10)
) (/nix/store/l6hnsjs1h7bpwm3nbyklh1maabzd17nx-texlive-combined-2024-texmfdist/tex/generic/pgf/basiclayer/pgfcorepatterns.code.tex
File: pgfcorepatterns.code.tex 2023-01-15 v3.1.10 (3.1.10)
) (/nix/store/l6hnsjs1h7bpwm3nbyklh1maabzd17nx-texlive-combined-2024-texmfdist/tex/generic/pgf/basiclayer/pgfcorerdf.code.tex
File: pgfcorerdf.code.tex 2023-01-15 v3.1.10 (3.1.10)
))) (/nix/store/l6hnsjs1h7bpwm3nbyklh1maabzd17nx-texlive-combined-2024-texmfdist/tex/latex/pgf/utilities/xxcolor.sty
Package: xxcolor 2003/10/24 ver 0.1
\XC@nummixins=\count305
\XC@countmixins=\count306
) (/nix/store/l6hnsjs1h7bpwm3nbyklh1maabzd17nx-texlive-combined-2024-texmfdist/tex/latex/base/atbegshi-ltx.sty
Package: atbegshi-ltx 2021/01/10 v1.0c Emulation of the original atbegshi
package with kernel methods
) (/nix/store/l6hnsjs1h7bpwm3nbyklh1maabzd17nx-texlive-combined-2024-texmfdist/tex/latex/hyperref/hyperref.sty
Package: hyperref 2024-11-05 v7.01l Hypertext links for LaTeX
 (/nix/store/l6hnsjs1h7bpwm3nbyklh1maabzd17nx-texlive-combined-2024-texmfdist/tex/latex/kvsetkeys/kvsetkeys.sty
Package: kvsetkeys 2022-10-05 v1.19 Key value parser (HO)
) (/nix/store/l6hnsjs1h7bpwm3nbyklh1maabzd17nx-texlive-combined-2024-texmfdist/tex/generic/kvdefinekeys/kvdefinekeys.sty
Package: kvdefinekeys 2019-12-19 v1.6 Define keys (HO)
) (/nix/store/l6hnsjs1h7bpwm3nbyklh1maabzd17nx-texlive-combined-2024-texmfdist/tex/generic/pdfescape/pdfescape.sty
Package: pdfescape 2019/12/09 v1.15 Implements pdfTeX's escape features (HO)
 (/nix/store/l6hnsjs1h7bpwm3nbyklh1maabzd17nx-texlive-combined-2024-texmfdist/tex/generic/ltxcmds/ltxcmds.sty
Package: ltxcmds 2023-12-04 v1.26 LaTeX kernel commands for general use (HO)
) (/nix/store/l6hnsjs1h7bpwm3nbyklh1maabzd17nx-texlive-combined-2024-texmfdist/tex/generic/pdftexcmds/pdftexcmds.sty
Package: pdftexcmds 2020-06-27 v0.33 Utility functions of pdfTeX for LuaTeX (HO)
 (/nix/store/l6hnsjs1h7bpwm3nbyklh1maabzd17nx-texlive-combined-2024-texmfdist/tex/generic/infwarerr/infwarerr.sty
Package: infwarerr 2019/12/03 v1.5 Providing info/warning/error messages (HO)
)
Package pdftexcmds Info: \pdf@primitive is available.
Package pdftexcmds Info: \pdf@ifprimitive is available.
Package pdftexcmds Info: \pdfdraftmode found.
\pdftexcmds@toks=\toks29
)) (/nix/store/l6hnsjs1h7bpwm3nbyklh1maabzd17nx-texlive-combined-2024-texmfdist/tex/latex/hycolor/hycolor.sty
Package: hycolor 2020-01-27 v1.10 Color options for hyperref/bookmark (HO)
) (/nix/store/l6hnsjs1h7bpwm3nbyklh1maabzd17nx-texlive-combined-2024-texmfdist/tex/latex/hyperref/nameref.sty
Package: nameref 2023-11-26 v2.56 Cross-referencing by name of section
 (/nix/store/l6hnsjs1h7bpwm3nbyklh1maabzd17nx-texlive-combined-2024-texmfdist/tex/latex/refcount/refcount.sty
Package: refcount 2019/12/15 v3.6 Data extraction from label references (HO)
) (/nix/store/l6hnsjs1h7bpwm3nbyklh1maabzd17nx-texlive-combined-2024-texmfdist/tex/generic/gettitlestring/gettitlestring.sty
Package: gettitlestring 2019/12/15 v1.6 Cleanup title references (HO)
 (/nix/store/l6hnsjs1h7bpwm3nbyklh1maabzd17nx-texlive-combined-2024-texmfdist/tex/latex/kvoptions/kvoptions.sty
Package: kvoptions 2022-06-15 v3.15 Key value format for package options (HO)
))
\c@section@level=\count307
) (/nix/store/l6hnsjs1h7bpwm3nbyklh1maabzd17nx-texlive-combined-2024-texmfdist/tex/generic/stringenc/stringenc.sty
Package: stringenc 2019/11/29 v1.12 Convert strings between diff. encodings (HO)
)
\@linkdim=\dimen267
\Hy@linkcounter=\count308
\Hy@pagecounter=\count309

(/nix/store/l6hnsjs1h7bpwm3nbyklh1maabzd17nx-texlive-combined-2024-texmfdist/tex/latex/hyperref/pd1enc.def
File: pd1enc.def 2024-11-05 v7.01l Hyperref: PDFDocEncoding definition (HO)
) (/nix/store/l6hnsjs1h7bpwm3nbyklh1maabzd17nx-texlive-combined-2024-texmfdist/tex/generic/intcalc/intcalc.sty
Package: intcalc 2019/12/15 v1.3 Expandable calculations with integers (HO)
)
\Hy@SavedSpaceFactor=\count310
 (/nix/store/l6hnsjs1h7bpwm3nbyklh1maabzd17nx-texlive-combined-2024-texmfdist/tex/latex/hyperref/puenc.def
File: puenc.def 2024-11-05 v7.01l Hyperref: PDF Unicode definition (HO)
)
Package hyperref Info: Option `bookmarks' set `true' on input line 4040.
Package hyperref Info: Option `bookmarksopen' set `true' on input line 4040.
Package hyperref Info: Option `implicit' set `false' on input line 4040.
Package hyperref Info: Hyper figures OFF on input line 4157.
Package hyperref Info: Link nesting OFF on input line 4162.
Package hyperref Info: Hyper index ON on input line 4165.
Package hyperref Info: Plain pages OFF on input line 4172.
Package hyperref Info: Backreferencing OFF on input line 4177.
Package hyperref Info: Implicit mode OFF; no redefinition of LaTeX internals.
Package hyperref Info: Bookmarks ON on input line 4424.
\c@Hy@tempcnt=\count311
 (/nix/store/l6hnsjs1h7bpwm3nbyklh1maabzd17nx-texlive-combined-2024-texmfdist/tex/latex/url/url.sty
\Urlmuskip=\muskip17
Package: url 2013/09/16  ver 3.4  Verb mode for urls, etc.
)
LaTeX Info: Redefining \url on input line 4763.
\XeTeXLinkMargin=\dimen268
 (/nix/store/l6hnsjs1h7bpwm3nbyklh1maabzd17nx-texlive-combined-2024-texmfdist/tex/generic/bitset/bitset.sty
Package: bitset 2019/12/09 v1.3 Handle bit-vector datatype (HO)
 (/nix/store/l6hnsjs1h7bpwm3nbyklh1maabzd17nx-texlive-combined-2024-texmfdist/tex/generic/bigintcalc/bigintcalc.sty
Package: bigintcalc 2019/12/15 v1.5 Expandable calculations on big integers (HO)
))
\Fld@menulength=\count312
\Field@Width=\dimen269
\Fld@charsize=\dimen270
Package hyperref Info: Hyper figures OFF on input line 6042.
Package hyperref Info: Link nesting OFF on input line 6047.
Package hyperref Info: Hyper index ON on input line 6050.
Package hyperref Info: backreferencing OFF on input line 6057.
Package hyperref Info: Link coloring OFF on input line 6062.
Package hyperref Info: Link coloring with OCG OFF on input line 6067.
Package hyperref Info: PDF/A mode OFF on input line 6072.
\Hy@abspage=\count313


Package hyperref Message: Stopped early.

)
Package hyperref Info: Driver (autodetected): hluatex.
 (/nix/store/l6hnsjs1h7bpwm3nbyklh1maabzd17nx-texlive-combined-2024-texmfdist/tex/latex/hyperref/hluatex.def
File: hluatex.def 2024-11-05 v7.01l Hyperref driver for luaTeX
 (/nix/store/l6hnsjs1h7bpwm3nbyklh1maabzd17nx-texlive-combined-2024-texmfdist/tex/latex/base/atveryend-ltx.sty
Package: atveryend-ltx 2020/08/19 v1.0a Emulation of the original atveryend package
with kernel methods
)
\Fld@listcount=\count314
\c@bookmark@seq@number=\count315
 (/nix/store/l6hnsjs1h7bpwm3nbyklh1maabzd17nx-texlive-combined-2024-texmfdist/tex/latex/rerunfilecheck/rerunfilecheck.sty
Package: rerunfilecheck 2022-07-10 v1.10 Rerun checks for auxiliary files (HO)
 (/nix/store/l6hnsjs1h7bpwm3nbyklh1maabzd17nx-texlive-combined-2024-texmfdist/tex/generic/uniquecounter/uniquecounter.sty
Package: uniquecounter 2019/12/15 v1.4 Provide unlimited unique counter (HO)
)
Package uniquecounter Info: New unique counter `rerunfilecheck' on input line 285.
)) (/nix/store/l6hnsjs1h7bpwm3nbyklh1maabzd17nx-texlive-combined-2024-texmfdist/tex/latex/beamer/beamerbaserequires.sty (/nix/store/l6hnsjs1h7bpwm3nbyklh1maabzd17nx-texlive-combined-2024-texmfdist/tex/latex/beamer/beamerbasecompatibility.sty) (/nix/store/l6hnsjs1h7bpwm3nbyklh1maabzd17nx-texlive-combined-2024-texmfdist/tex/latex/beamer/beamerbasefont.sty (/nix/store/l6hnsjs1h7bpwm3nbyklh1maabzd17nx-texlive-combined-2024-texmfdist/tex/latex/amsfonts/amssymb.sty
Package: amssymb 2013/01/14 v3.01 AMS font symbols
 (/nix/store/l6hnsjs1h7bpwm3nbyklh1maabzd17nx-texlive-combined-2024-texmfdist/tex/latex/amsfonts/amsfonts.sty
Package: amsfonts 2013/01/14 v3.01 Basic AMSFonts support
\@emptytoks=\toks30
\symAMSa=\mathgroup4
\symAMSb=\mathgroup5
LaTeX Font Info:    Redeclaring math symbol \hbar on input line 98.
LaTeX Font Info:    Overwriting math alphabet `\mathfrak' in version `bold'
(Font)                  U/euf/m/n --> U/euf/b/n on input line 106.
)) (/nix/store/l6hnsjs1h7bpwm3nbyklh1maabzd17nx-texlive-combined-2024-texmfdist/tex/latex/sansmathaccent/sansmathaccent.sty
Package: sansmathaccent 2020/01/31
 (/nix/store/l6hnsjs1h7bpwm3nbyklh1maabzd17nx-texlive-combined-2024-texmfdist/tex/latex/koma-script/scrlfile.sty
Package: scrlfile 2024/10/24 v3.43 KOMA-Script package (file load hooks)
 (/nix/store/l6hnsjs1h7bpwm3nbyklh1maabzd17nx-texlive-combined-2024-texmfdist/tex/latex/koma-script/scrlfile-hook.sty
Package: scrlfile-hook 2024/10/24 v3.43 KOMA-Script package (using LaTeX hooks)
 (/nix/store/l6hnsjs1h7bpwm3nbyklh1maabzd17nx-texlive-combined-2024-texmfdist/tex/latex/koma-script/scrlogo.sty
Package: scrlogo 2024/10/24 v3.43 KOMA-Script package (logo)
))))) (/nix/store/l6hnsjs1h7bpwm3nbyklh1maabzd17nx-texlive-combined-2024-texmfdist/tex/latex/beamer/beamerbasetranslator.sty (/nix/store/l6hnsjs1h7bpwm3nbyklh1maabzd17nx-texlive-combined-2024-texmfdist/tex/latex/translator/translator.sty
Package: translator 2021-05-31 v1.12d Easy translation of strings in LaTeX
)) (/nix/store/l6hnsjs1h7bpwm3nbyklh1maabzd17nx-texlive-combined-2024-texmfdist/tex/latex/beamer/beamerbasemisc.sty) (/nix/store/l6hnsjs1h7bpwm3nbyklh1maabzd17nx-texlive-combined-2024-texmfdist/tex/latex/beamer/beamerbasetwoscreens.sty) (/nix/store/l6hnsjs1h7bpwm3nbyklh1maabzd17nx-texlive-combined-2024-texmfdist/tex/latex/beamer/beamerbaseoverlay.sty
\beamer@argscount=\count316
\beamer@lastskipcover=\skip52
\beamer@trivlistdepth=\count317
) (/nix/store/l6hnsjs1h7bpwm3nbyklh1maabzd17nx-texlive-combined-2024-texmfdist/tex/latex/beamer/beamerbasetitle.sty) (/nix/store/l6hnsjs1h7bpwm3nbyklh1maabzd17nx-texlive-combined-2024-texmfdist/tex/latex/beamer/beamerbasesection.sty
\c@lecture=\count318
\c@part=\count319
\c@section=\count320
\c@subsection=\count321
\c@subsubsection=\count322
) (/nix/store/l6hnsjs1h7bpwm3nbyklh1maabzd17nx-texlive-combined-2024-texmfdist/tex/latex/beamer/beamerbaseframe.sty
\beamer@framebox=\box67
\beamer@frametitlebox=\box68
\beamer@zoombox=\box69
\beamer@zoomcount=\count323
\beamer@zoomframecount=\count324
\beamer@frametextheight=\dimen271
\c@subsectionslide=\count325
\beamer@frametopskip=\skip53
\beamer@framebottomskip=\skip54
\beamer@frametopskipautobreak=\skip55
\beamer@framebottomskipautobreak=\skip56
\beamer@envbody=\toks31
\framewidth=\dimen272
\c@framenumber=\count326
) (/nix/store/l6hnsjs1h7bpwm3nbyklh1maabzd17nx-texlive-combined-2024-texmfdist/tex/latex/beamer/beamerbaseverbatim.sty
\beamer@verbatimfileout=\write4
) (/nix/store/l6hnsjs1h7bpwm3nbyklh1maabzd17nx-texlive-combined-2024-texmfdist/tex/latex/beamer/beamerbaseframesize.sty
\beamer@splitbox=\box70
\beamer@autobreakcount=\count327
\beamer@autobreaklastheight=\dimen273
\beamer@frametitletoks=\toks32
\beamer@framesubtitletoks=\toks33
) (/nix/store/l6hnsjs1h7bpwm3nbyklh1maabzd17nx-texlive-combined-2024-texmfdist/tex/latex/beamer/beamerbaseframecomponents.sty
\beamer@footins=\box71
) (/nix/store/l6hnsjs1h7bpwm3nbyklh1maabzd17nx-texlive-combined-2024-texmfdist/tex/latex/beamer/beamerbasecolor.sty) (/nix/store/l6hnsjs1h7bpwm3nbyklh1maabzd17nx-texlive-combined-2024-texmfdist/tex/latex/beamer/beamerbasenotes.sty
\beamer@frameboxcopy=\box72
) (/nix/store/l6hnsjs1h7bpwm3nbyklh1maabzd17nx-texlive-combined-2024-texmfdist/tex/latex/beamer/beamerbasetoc.sty) (/nix/store/l6hnsjs1h7bpwm3nbyklh1maabzd17nx-texlive-combined-2024-texmfdist/tex/latex/beamer/beamerbasetemplates.sty
\beamer@sbttoks=\toks34
 (/nix/store/l6hnsjs1h7bpwm3nbyklh1maabzd17nx-texlive-combined-2024-texmfdist/tex/latex/beamer/beamerbaseauxtemplates.sty (/nix/store/l6hnsjs1h7bpwm3nbyklh1maabzd17nx-texlive-combined-2024-texmfdist/tex/latex/beamer/beamerbaseboxes.sty
\bmb@box=\box73
\bmb@colorbox=\box74
\bmb@boxwidth=\dimen274
\bmb@boxheight=\dimen275
\bmb@prevheight=\dimen276
\bmb@temp=\dimen277
\bmb@dima=\dimen278
\bmb@dimb=\dimen279
\bmb@prevheight=\dimen280
)
\beamer@blockheadheight=\dimen281
)) (/nix/store/l6hnsjs1h7bpwm3nbyklh1maabzd17nx-texlive-combined-2024-texmfdist/tex/latex/beamer/beamerbaselocalstructure.sty (/nix/store/l6hnsjs1h7bpwm3nbyklh1maabzd17nx-texlive-combined-2024-texmfdist/tex/latex/tools/enumerate.sty
Package: enumerate 2023/07/04 v3.00 enumerate extensions (DPC)
\@enLab=\toks35
)
\beamer@bibiconwidth=\skip57
\c@figure=\count328
\c@table=\count329
\abovecaptionskip=\skip58
\belowcaptionskip=\skip59
) (/nix/store/l6hnsjs1h7bpwm3nbyklh1maabzd17nx-texlive-combined-2024-texmfdist/tex/latex/beamer/beamerbasenavigation.sty (/nix/store/l6hnsjs1h7bpwm3nbyklh1maabzd17nx-texlive-combined-2024-texmfdist/tex/latex/beamer/beamerbasenavigationsymbols.tex)
\beamer@section@min@dim=\dimen282
) (/nix/store/l6hnsjs1h7bpwm3nbyklh1maabzd17nx-texlive-combined-2024-texmfdist/tex/latex/beamer/beamerbasetheorems.sty (/nix/store/l6hnsjs1h7bpwm3nbyklh1maabzd17nx-texlive-combined-2024-texmfdist/tex/latex/amsmath/amsmath.sty
Package: amsmath 2024/11/05 v2.17t AMS math features
\@mathmargin=\skip60

For additional information on amsmath, use the `?' option.
(/nix/store/l6hnsjs1h7bpwm3nbyklh1maabzd17nx-texlive-combined-2024-texmfdist/tex/latex/amsmath/amstext.sty
Package: amstext 2021/08/26 v2.01 AMS text
 (/nix/store/l6hnsjs1h7bpwm3nbyklh1maabzd17nx-texlive-combined-2024-texmfdist/tex/latex/amsmath/amsgen.sty
File: amsgen.sty 1999/11/30 v2.0 generic functions
\@emptytoks=\toks36
\ex@=\dimen283
)) (/nix/store/l6hnsjs1h7bpwm3nbyklh1maabzd17nx-texlive-combined-2024-texmfdist/tex/latex/amsmath/amsbsy.sty
Package: amsbsy 1999/11/29 v1.2d Bold Symbols
\pmbraise@=\dimen284
) (/nix/store/l6hnsjs1h7bpwm3nbyklh1maabzd17nx-texlive-combined-2024-texmfdist/tex/latex/amsmath/amsopn.sty
Package: amsopn 2022/04/08 v2.04 operator names
)
\inf@bad=\count330
LaTeX Info: Redefining \frac on input line 235.
\uproot@=\count331
\leftroot@=\count332
LaTeX Info: Redefining \overline on input line 398.
LaTeX Info: Redefining \colon on input line 409.
\classnum@=\count333
\DOTSCASE@=\count334
LaTeX Info: Redefining \ldots on input line 495.
LaTeX Info: Redefining \dots on input line 498.
LaTeX Info: Redefining \cdots on input line 619.
\Mathstrutbox@=\box75
\strutbox@=\box76
LaTeX Info: Redefining \big on input line 721.
LaTeX Info: Redefining \Big on input line 722.
LaTeX Info: Redefining \bigg on input line 723.
LaTeX Info: Redefining \Bigg on input line 724.
\big@size=\dimen285
LaTeX Font Info:    Redeclaring font encoding OML on input line 742.
LaTeX Font Info:    Redeclaring font encoding OMS on input line 743.
\macc@depth=\count335
LaTeX Info: Redefining \bmod on input line 904.
LaTeX Info: Redefining \pmod on input line 909.
LaTeX Info: Redefining \smash on input line 939.
LaTeX Info: Redefining \relbar on input line 969.
LaTeX Info: Redefining \Relbar on input line 970.
\c@MaxMatrixCols=\count336
\dotsspace@=\muskip18
\c@parentequation=\count337
\dspbrk@lvl=\count338
\tag@help=\toks37
\row@=\count339
\column@=\count340
\maxfields@=\count341
\andhelp@=\toks38
\eqnshift@=\dimen286
\alignsep@=\dimen287
\tagshift@=\dimen288
\tagwidth@=\dimen289
\totwidth@=\dimen290
\lineht@=\dimen291
\@envbody=\toks39
\multlinegap=\skip61
\multlinetaggap=\skip62
\mathdisplay@stack=\toks40
LaTeX Info: Redefining \[ on input line 2953.
LaTeX Info: Redefining \] on input line 2954.
) (/nix/store/l6hnsjs1h7bpwm3nbyklh1maabzd17nx-texlive-combined-2024-texmfdist/tex/latex/amscls/amsthm.sty
Package: amsthm 2020/05/29 v2.20.6
\thm@style=\toks41
\thm@bodyfont=\toks42
\thm@headfont=\toks43
\thm@notefont=\toks44
\thm@headpunct=\toks45
\thm@preskip=\skip63
\thm@postskip=\skip64
\thm@headsep=\skip65
\dth@everypar=\toks46
)
\c@theorem=\count342
) (/nix/store/l6hnsjs1h7bpwm3nbyklh1maabzd17nx-texlive-combined-2024-texmfdist/tex/latex/beamer/beamerbasethemes.sty)) (/nix/store/l6hnsjs1h7bpwm3nbyklh1maabzd17nx-texlive-combined-2024-texmfdist/tex/latex/beamer/beamerthemedefault.sty (/nix/store/l6hnsjs1h7bpwm3nbyklh1maabzd17nx-texlive-combined-2024-texmfdist/tex/latex/beamer/beamerfontthemedefault.sty) (/nix/store/l6hnsjs1h7bpwm3nbyklh1maabzd17nx-texlive-combined-2024-texmfdist/tex/latex/beamer/beamercolorthemedefault.sty) (/nix/store/l6hnsjs1h7bpwm3nbyklh1maabzd17nx-texlive-combined-2024-texmfdist/tex/latex/beamer/beamerinnerthemedefault.sty
\beamer@dima=\dimen292
\beamer@dimb=\dimen293
) (/nix/store/l6hnsjs1h7bpwm3nbyklh1maabzd17nx-texlive-combined-2024-texmfdist/tex/latex/beamer/beamerouterthemedefault.sty))) (/nix/store/l6hnsjs1h7bpwm3nbyklh1maabzd17nx-texlive-combined-2024-texmfdist/tex/latex/base/inputenc.sty
Package: inputenc 2024/02/08 v1.3d Input encoding file
\inpenc@prehook=\toks47
\inpenc@posthook=\toks48


Package inputenc Warning: inputenc package ignored with utf8 based engines.

) (/nix/store/l6hnsjs1h7bpwm3nbyklh1maabzd17nx-texlive-combined-2024-texmfdist/tex/latex/fontspec/fontspec.sty (/nix/store/l6hnsjs1h7bpwm3nbyklh1maabzd17nx-texlive-combined-2024-texmfdist/tex/latex/l3packages/xparse/xparse.sty (/nix/store/l6hnsjs1h7bpwm3nbyklh1maabzd17nx-texlive-combined-2024-texmfdist/tex/latex/l3kernel/expl3.sty
Package: expl3 2025-01-18 L3 programming layer (loader) 
 (/nix/store/l6hnsjs1h7bpwm3nbyklh1maabzd17nx-texlive-combined-2024-texmfdist/tex/latex/l3backend/l3backend-luatex.def
File: l3backend-luatex.def 2024-05-08 L3 backend support: PDF output (LuaTeX)
\l__color_backend_stack_int=\count343
Inserting `l3color' in `luaotfload.parse_color'.
\l__pdf_internal_box=\box77
))
Package: xparse 2024-08-16 L3 Experimental document command parser
)
Package: fontspec 2024/05/11 v2.9e Font selection for XeLaTeX and LuaLaTeX
Lua module: fontspec 2024/05/11 v2.9e Font selection for XeLaTeX and LuaLaTeX (/nix/store/l6hnsjs1h7bpwm3nbyklh1maabzd17nx-texlive-combined-2024-texmfdist/tex/latex/fontspec/fontspec-luatex.sty
Package: fontspec-luatex 2024/05/11 v2.9e Font selection for XeLaTeX and LuaLaTeX
\l__fontspec_script_int=\count344
\l__fontspec_language_int=\count345
\l__fontspec_strnum_int=\count346
\l__fontspec_tmp_int=\count347
\l__fontspec_tmpa_int=\count348
\l__fontspec_tmpb_int=\count349
\l__fontspec_tmpc_int=\count350
\l__fontspec_em_int=\count351
\l__fontspec_emdef_int=\count352
\l__fontspec_strong_int=\count353
\l__fontspec_strongdef_int=\count354
\l__fontspec_tmpa_dim=\dimen294
\l__fontspec_tmpb_dim=\dimen295
\l__fontspec_tmpc_dim=\dimen296
 (/nix/store/l6hnsjs1h7bpwm3nbyklh1maabzd17nx-texlive-combined-2024-texmfdist/tex/latex/base/fontenc.sty
Package: fontenc 2021/04/29 v2.0v Standard LaTeX package
) (/nix/store/l6hnsjs1h7bpwm3nbyklh1maabzd17nx-texlive-combined-2024-texmfdist/tex/latex/fontspec/fontspec.cfg))) (/nix/store/l6hnsjs1h7bpwm3nbyklh1maabzd17nx-texlive-combined-2024-texmfdist/tex/latex/unicode-math/unicode-math.sty
Package: unicode-math 2023/08/13 v0.8r Unicode maths in XeLaTeX and LuaLaTeX
 (/nix/store/l6hnsjs1h7bpwm3nbyklh1maabzd17nx-texlive-combined-2024-texmfdist/tex/latex/unicode-math/unicode-math-luatex.sty
Package: unicode-math-luatex 2023/08/13 v0.8r Unicode maths in XeLaTeX and LuaLaTeX
 (/nix/store/l6hnsjs1h7bpwm3nbyklh1maabzd17nx-texlive-combined-2024-texmfdist/tex/latex/l3packages/l3keys2e/l3keys2e.sty
Package: l3keys2e 2024-08-16 LaTeX2e option processing using LaTeX3 keys
) (/nix/store/l6hnsjs1h7bpwm3nbyklh1maabzd17nx-texlive-combined-2024-texmfdist/tex/latex/base/fix-cm.sty
Package: fix-cm 2020/11/24 v1.1t fixes to LaTeX
 (/nix/store/l6hnsjs1h7bpwm3nbyklh1maabzd17nx-texlive-combined-2024-texmfdist/tex/latex/base/ts1enc.def
File: ts1enc.def 2001/06/05 v3.0e (jk/car/fm) Standard LaTeX file
LaTeX Font Info:    Redeclaring font encoding TS1 on input line 47.
)) (/nix/store/l6hnsjs1h7bpwm3nbyklh1maabzd17nx-texlive-combined-2024-texmfdist/tex/lualatex/lualatex-math/lualatex-math.sty
Package: lualatex-math 2022/01/01 v1.12 Patches for mathematics typesetting with LuaLaTeX
Lua module: lualatex-math 2013/08/03 v1.3 Patches for mathematics typesetting with LuaLaTeX)
\g__um_fam_int=\count355
\g__um_fonts_used_int=\count356
\l__um_primecount_int=\count357
\g__um_primekern_muskip=\muskip19
 (/nix/store/l6hnsjs1h7bpwm3nbyklh1maabzd17nx-texlive-combined-2024-texmfdist/tex/latex/unicode-math/unicode-math-table.tex))) (/nix/store/l6hnsjs1h7bpwm3nbyklh1maabzd17nx-texlive-combined-2024-texmfdist/tex/latex/base/fontenc.sty
Package: fontenc 2021/04/29 v2.0v Standard LaTeX package
 (/nix/store/l6hnsjs1h7bpwm3nbyklh1maabzd17nx-texlive-combined-2024-texmfdist/tex/latex/chessfss/lsbc4enc.def
File: lsbc4enc.def 2006/05/22 v1.0 Standard LaTeX file
)
LaTeX Font Info:    Trying to load font information for LSBC4+lmss on input line 116.
LaTeX Font Info:    No file LSBC4lmss.fd. on input line 116.
LaTeX Font Info:    Trying to load font information for LSBC4+skaknew on input line 116.
 (/nix/store/l6hnsjs1h7bpwm3nbyklh1maabzd17nx-texlive-combined-2024-texmfdist/tex/latex/chessfss/lsbc4skaknew.fd
File: lsbc4skaknew.fd 2006/05/22 v1.0 Chess font definitions
)

LaTeX Font Warning: Font shape `LSBC4/lmss/m/n' undefined
(Font)              using `LSBC4/skaknew/m/n' instead on input line 116.

)
luaotfload | cache : Lookup cache loaded from /home/bogdb/.texlive2024/texmf-var/luatex-cache/generic/names/luaotfload-lookup-cache.luc.

Package fontspec Info: 
(fontspec)             Tex Gyre Heros scale = 0.82.


Package fontspec Info: 
(fontspec)             Tex Gyre Heros scale = 0.82.


Package fontspec Info: 
(fontspec)             Tex Gyre Heros scale = 0.82.


Package fontspec Info: 
(fontspec)             Tex Gyre Heros/B scale = 0.82.


Package fontspec Info: 
(fontspec)             Tex Gyre Heros/B scale = 0.82.


Package fontspec Info: 
(fontspec)             Tex Gyre Heros/I scale = 0.82.


Package fontspec Info: 
(fontspec)             Tex Gyre Heros/I scale = 0.82.


Package fontspec Info: 
(fontspec)             Tex Gyre Heros/BI scale = 0.82.


Package fontspec Info: 
(fontspec)             Tex Gyre Heros/BI scale = 0.82.


Package fontspec Info: 
(fontspec)             Font family 'TexGyreHeros(0)' created for font 'Tex
(fontspec)             Gyre Heros' with options [Ligatures=TeX,Scale=0.82].
(fontspec)              
(fontspec)              This font family consists of the following NFSS
(fontspec)             series/shapes:
(fontspec)              
(fontspec)             - 'normal' (m/n) with NFSS spec.: <->s*[0.82]"name:Tex
(fontspec)             Gyre Heros:mode=node;script=latn;language=dflt;+tlig;"
(fontspec)             - 'small caps'  (m/sc) with NFSS spec.:
(fontspec)             <->s*[0.82]"name:Tex Gyre
(fontspec)             Heros:mode=node;script=latn;language=dflt;+tlig;+smcp;"
(fontspec)             - 'bold' (b/n) with NFSS spec.: <->s*[0.82]"name:Tex
(fontspec)             Gyre
(fontspec)             Heros/B:mode=node;script=latn;language=dflt;+tlig;"
(fontspec)             - 'bold small caps'  (b/sc) with NFSS spec.:
(fontspec)             <->s*[0.82]"name:Tex Gyre
(fontspec)             Heros/B:mode=node;script=latn;language=dflt;+tlig;+smcp;"
(fontspec)             - 'italic' (m/it) with NFSS spec.: <->s*[0.82]"name:Tex
(fontspec)             Gyre
(fontspec)             Heros/I:mode=node;script=latn;language=dflt;+tlig;"
(fontspec)             - 'italic small caps'  (m/scit) with NFSS spec.:
(fontspec)             <->s*[0.82]"name:Tex Gyre
(fontspec)             Heros/I:mode=node;script=latn;language=dflt;+tlig;+smcp;"
(fontspec)             - 'bold italic' (b/it) with NFSS spec.:
(fontspec)             <->s*[0.82]"name:Tex Gyre
(fontspec)             Heros/BI:mode=node;script=latn;language=dflt;+tlig;"
(fontspec)             - 'bold italic small caps'  (b/scit) with NFSS spec.:
(fontspec)             <->s*[0.82]"name:Tex Gyre
(fontspec)             Heros/BI:mode=node;script=latn;language=dflt;+tlig;+smcp;"


Package fontspec Info: 
(fontspec)             Tex Gyre Heros scale = 0.82.


Package fontspec Info: 
(fontspec)             Tex Gyre Heros scale = 0.82.


Package fontspec Info: 
(fontspec)             Tex Gyre Heros scale = 0.82.


Package fontspec Info: 
(fontspec)             Tex Gyre Heros/B scale = 0.82.


Package fontspec Info: 
(fontspec)             Tex Gyre Heros/B scale = 0.82.


Package fontspec Info: 
(fontspec)             Tex Gyre Heros/I scale = 0.82.


Package fontspec Info: 
(fontspec)             Tex Gyre Heros/I scale = 0.82.


Package fontspec Info: 
(fontspec)             Tex Gyre Heros/BI scale = 0.82.


Package fontspec Info: 
(fontspec)             Tex Gyre Heros/BI scale = 0.82.


Package fontspec Info: 
(fontspec)             Font family 'TexGyreHeros(1)' created for font 'Tex
(fontspec)             Gyre Heros' with options [Renderer=Basic,Scale=0.82].
(fontspec)              
(fontspec)              This font family consists of the following NFSS
(fontspec)             series/shapes:
(fontspec)              
(fontspec)             - 'normal' (m/n) with NFSS spec.: <->s*[0.82]"name:Tex
(fontspec)             Gyre Heros:mode=base;script=latn;language=dflt;"
(fontspec)             - 'small caps'  (m/sc) with NFSS spec.:
(fontspec)             <->s*[0.82]"name:Tex Gyre
(fontspec)             Heros:mode=base;script=latn;language=dflt;+smcp;"
(fontspec)             - 'bold' (b/n) with NFSS spec.: <->s*[0.82]"name:Tex
(fontspec)             Gyre Heros/B:mode=base;script=latn;language=dflt;"
(fontspec)             - 'bold small caps'  (b/sc) with NFSS spec.:
(fontspec)             <->s*[0.82]"name:Tex Gyre
(fontspec)             Heros/B:mode=base;script=latn;language=dflt;+smcp;"
(fontspec)             - 'italic' (m/it) with NFSS spec.: <->s*[0.82]"name:Tex
(fontspec)             Gyre Heros/I:mode=base;script=latn;language=dflt;"
(fontspec)             - 'italic small caps'  (m/scit) with NFSS spec.:
(fontspec)             <->s*[0.82]"name:Tex Gyre
(fontspec)             Heros/I:mode=base;script=latn;language=dflt;+smcp;"
(fontspec)             - 'bold italic' (b/it) with NFSS spec.:
(fontspec)             <->s*[0.82]"name:Tex Gyre
(fontspec)             Heros/BI:mode=base;script=latn;language=dflt;"
(fontspec)             - 'bold italic small caps'  (b/scit) with NFSS spec.:
(fontspec)             <->s*[0.82]"name:Tex Gyre
(fontspec)             Heros/BI:mode=base;script=latn;language=dflt;+smcp;"

LaTeX Font Info:    Overwriting math alphabet `\mathrm' in version `normal'
(Font)                  OT1/cmr/m/n --> TU/TexGyreHeros(1)/m/n on input line 13.
LaTeX Font Info:    Overwriting math alphabet `\mathit' in version `normal'
(Font)                  OT1/cmr/m/it --> TU/TexGyreHeros(1)/m/it on input line 13.
LaTeX Font Info:    Overwriting math alphabet `\mathbf' in version `normal'
(Font)                  OT1/cmr/bx/n --> TU/TexGyreHeros(1)/b/n on input line 13.

Package fontspec Info: 
(fontspec)             Tex Gyre Heros scale = 0.82.


Package fontspec Info: 
(fontspec)             Tex Gyre Heros scale = 0.82.

LaTeX Font Info:    Overwriting math alphabet `\mathsf' in version `normal'
(Font)                  OT1/cmss/m/n --> TU/TexGyreHeros(1)/m/n on input line 14.
LaTeX Font Info:    Overwriting math alphabet `\mathsf' in version `bold'
(Font)                  OT1/cmss/bx/n --> TU/TexGyreHeros(1)/b/n on input line 14.
LaTeX Font Info:    Font shape `TU/TexGyreHeros(0)/m/n' will be
(Font)              scaled to size 8.97906pt on input line 14.

Package fontspec Info: 
(fontspec)             Stix Two Math scale = 0.92.


Package fontspec Info: 
(fontspec)             Could not resolve font "Stix Two Math/B" (it probably
(fontspec)             doesn't exist).


Package fontspec Info: 
(fontspec)             Stix Two Math scale = 0.92.


Package fontspec Info: 
(fontspec)             Font family 'StixTwoMath(0)' created for font 'Stix Two
(fontspec)             Math' with options
(fontspec)             [Renderer=Basic,BoldItalicFont={},ItalicFont={},SmallCapsFont={},Script=Math,RawFeature={mathfontdimen=xetex},Scale={0.92}].
(fontspec)              
(fontspec)              This font family consists of the following NFSS
(fontspec)             series/shapes:
(fontspec)              
(fontspec)             - 'normal' (m/n) with NFSS spec.: <->s*[0.92]"name:Stix
(fontspec)             Two
(fontspec)             Math:mode=base;script=math;language=dflt;mathfontdimen=xetex;"

LaTeX Font Info:    Font shape `TU/StixTwoMath(0)/m/n' will be
(Font)              scaled to size 10.07397pt on input line 16.

Package fontspec Info: 
(fontspec)             Stix Two Math scale = 0.92.


Package fontspec Info: 
(fontspec)             Could not resolve font "Stix Two Math/B" (it probably
(fontspec)             doesn't exist).


Package fontspec Info: 
(fontspec)             Stix Two Math scale = 0.92.


Package fontspec Info: 
(fontspec)             Stix Two Math scale = 0.92.


Package fontspec Info: 
(fontspec)             Stix Two Math scale = 0.92.


Package fontspec Info: 
(fontspec)             Font family 'StixTwoMath(1)' created for font 'Stix Two
(fontspec)             Math' with options
(fontspec)             [Renderer=Basic,BoldItalicFont={},ItalicFont={},SmallCapsFont={},Script=Math,SizeFeatures={{Size=9.3075-},{Size=6.84375-9.3075,Font=Stix
(fontspec)             Two Math,Style=MathScript},{Size=-6.84375,Font=Stix Two
(fontspec)             Math,Style=MathScriptScript}},RawFeature={mathfontdimen=xetex},Scale={0.92}].
(fontspec)              
(fontspec)              This font family consists of the following NFSS
(fontspec)             series/shapes:
(fontspec)              
(fontspec)             - 'normal' (m/n) with NFSS spec.:
(fontspec)             <9.3075->s*[0.92]"name:Stix Two
(fontspec)             Math:mode=base;script=math;language=dflt;mathfontdimen=xetex;"<6.84375-9.3075>s*[0.92]"name:Stix
(fontspec)             Two
(fontspec)             Math:mode=base;script=math;language=dflt;mathfontdimen=xetex;+ssty=0;"<-6.84375>s*[0.92]"name:Stix
(fontspec)             Two
(fontspec)             Math:mode=base;script=math;language=dflt;mathfontdimen=xetex;+ssty=1;"

LaTeX Font Info:    Font shape `TU/StixTwoMath(1)/m/n' will be
(Font)              scaled to size 10.07397pt on input line 16.
LaTeX Font Info:    Encoding `OT1' has changed to `TU' for symbol font
(Font)              `operators' in the math version `normal' on input line 16.
LaTeX Font Info:    Overwriting symbol font `operators' in version `normal'
(Font)                  OT1/cmr/m/n --> TU/StixTwoMath(1)/m/n on input line 16.
LaTeX Font Info:    Encoding `OT1' has changed to `TU' for symbol font
(Font)              `operators' in the math version `bold' on input line 16.
LaTeX Font Info:    Overwriting symbol font `operators' in version `bold'
(Font)                  OT1/cmr/bx/n --> TU/StixTwoMath(1)/b/n on input line 16.

Package fontspec Info: 
(fontspec)             Stix Two Math scale = 0.92.


Package fontspec Info: 
(fontspec)             Could not resolve font "Stix Two Math/B" (it probably
(fontspec)             doesn't exist).


Package fontspec Info: 
(fontspec)             Stix Two Math scale = 0.92.


Package fontspec Info: 
(fontspec)             Stix Two Math scale = 0.92.


Package fontspec Info: 
(fontspec)             Stix Two Math scale = 0.92.


Package fontspec Info: 
(fontspec)             Font family 'StixTwoMath(2)' created for font 'Stix Two
(fontspec)             Math' with options
(fontspec)             [Renderer=Basic,BoldItalicFont={},ItalicFont={},SmallCapsFont={},Script=Math,SizeFeatures={{Size=9.3075-},{Size=6.84375-9.3075,Font=Stix
(fontspec)             Two Math,Style=MathScript},{Size=-6.84375,Font=Stix Two
(fontspec)             Math,Style=MathScriptScript}},RawFeature={mathfontdimen=xetex},Scale={0.92},RawFeature={mathfontdimen=tex2}].
(fontspec)              
(fontspec)              This font family consists of the following NFSS
(fontspec)             series/shapes:
(fontspec)              
(fontspec)             - 'normal' (m/n) with NFSS spec.:
(fontspec)             <9.3075->s*[0.92]"name:Stix Two
(fontspec)             Math:mode=base;script=math;language=dflt;mathfontdimen=xetex;mathfontdimen=tex2;"<6.84375-9.3075>s*[0.92]"name:Stix
(fontspec)             Two
(fontspec)             Math:mode=base;script=math;language=dflt;mathfontdimen=xetex;mathfontdimen=tex2;+ssty=0;"<-6.84375>s*[0.92]"name:Stix
(fontspec)             Two
(fontspec)             Math:mode=base;script=math;language=dflt;mathfontdimen=xetex;mathfontdimen=tex2;+ssty=1;"

LaTeX Font Info:    Encoding `OMS' has changed to `TU' for symbol font
(Font)              `symbols' in the math version `normal' on input line 16.
LaTeX Font Info:    Overwriting symbol font `symbols' in version `normal'
(Font)                  OMS/cmsy/m/n --> TU/StixTwoMath(2)/m/n on input line 16.
LaTeX Font Info:    Encoding `OMS' has changed to `TU' for symbol font
(Font)              `symbols' in the math version `bold' on input line 16.
LaTeX Font Info:    Overwriting symbol font `symbols' in version `bold'
(Font)                  OMS/cmsy/b/n --> TU/StixTwoMath(2)/b/n on input line 16.

Package fontspec Info: 
(fontspec)             Stix Two Math scale = 0.92.


Package fontspec Info: 
(fontspec)             Could not resolve font "Stix Two Math/B" (it probably
(fontspec)             doesn't exist).


Package fontspec Info: 
(fontspec)             Stix Two Math scale = 0.92.


Package fontspec Info: 
(fontspec)             Stix Two Math scale = 0.92.


Package fontspec Info: 
(fontspec)             Stix Two Math scale = 0.92.


Package fontspec Info: 
(fontspec)             Font family 'StixTwoMath(3)' created for font 'Stix Two
(fontspec)             Math' with options
(fontspec)             [Renderer=Basic,BoldItalicFont={},ItalicFont={},SmallCapsFont={},Script=Math,SizeFeatures={{Size=9.3075-},{Size=6.84375-9.3075,Font=Stix
(fontspec)             Two Math,Style=MathScript},{Size=-6.84375,Font=Stix Two
(fontspec)             Math,Style=MathScriptScript}},RawFeature={mathfontdimen=xetex},Scale={0.92},RawFeature={mathfontdimen=tex3}].
(fontspec)              
(fontspec)              This font family consists of the following NFSS
(fontspec)             series/shapes:
(fontspec)              
(fontspec)             - 'normal' (m/n) with NFSS spec.:
(fontspec)             <9.3075->s*[0.92]"name:Stix Two
(fontspec)             Math:mode=base;script=math;language=dflt;mathfontdimen=xetex;mathfontdimen=tex3;"<6.84375-9.3075>s*[0.92]"name:Stix
(fontspec)             Two
(fontspec)             Math:mode=base;script=math;language=dflt;mathfontdimen=xetex;mathfontdimen=tex3;+ssty=0;"<-6.84375>s*[0.92]"name:Stix
(fontspec)             Two
(fontspec)             Math:mode=base;script=math;language=dflt;mathfontdimen=xetex;mathfontdimen=tex3;+ssty=1;"

LaTeX Font Info:    Encoding `OMX' has changed to `TU' for symbol font
(Font)              `largesymbols' in the math version `normal' on input line 16.
LaTeX Font Info:    Overwriting symbol font `largesymbols' in version `normal'
(Font)                  OMX/cmex/m/n --> TU/StixTwoMath(3)/m/n on input line 16.
LaTeX Font Info:    Encoding `OMX' has changed to `TU' for symbol font
(Font)              `largesymbols' in the math version `bold' on input line 16.
LaTeX Font Info:    Overwriting symbol font `largesymbols' in version `bold'
(Font)                  OMX/cmex/m/n --> TU/StixTwoMath(3)/b/n on input line 16.
LaTeX Font Info:    Font shape `TU/StixTwoMath(1)/m/n' will be
(Font)              scaled to size 7.05177pt on input line 16.
LaTeX Font Info:    Font shape `TU/StixTwoMath(1)/m/n' will be
(Font)              scaled to size 5.54068pt on input line 16.
LaTeX Font Info:    Font shape `TU/StixTwoMath(2)/m/n' will be
(Font)              scaled to size 10.07397pt on input line 16.
LaTeX Font Info:    Font shape `TU/StixTwoMath(2)/m/n' will be
(Font)              scaled to size 7.05177pt on input line 16.
LaTeX Font Info:    Font shape `TU/StixTwoMath(2)/m/n' will be
(Font)              scaled to size 5.54068pt on input line 16.
LaTeX Font Info:    Font shape `TU/StixTwoMath(3)/m/n' will be
(Font)              scaled to size 10.07397pt on input line 16.
LaTeX Font Info:    Font shape `TU/StixTwoMath(3)/m/n' will be
(Font)              scaled to size 7.05177pt on input line 16.
LaTeX Font Info:    Font shape `TU/StixTwoMath(3)/m/n' will be
(Font)              scaled to size 5.54068pt on input line 16.
LaTeX Font Info:    Trying to load font information for U+msa on input line 16.
 (/nix/store/l6hnsjs1h7bpwm3nbyklh1maabzd17nx-texlive-combined-2024-texmfdist/tex/latex/amsfonts/umsa.fd
File: umsa.fd 2013/01/14 v3.01 AMS symbols A
)
LaTeX Font Info:    Trying to load font information for U+msb on input line 16.
 (/nix/store/l6hnsjs1h7bpwm3nbyklh1maabzd17nx-texlive-combined-2024-texmfdist/tex/latex/amsfonts/umsb.fd
File: umsb.fd 2013/01/14 v3.01 AMS symbols B
)

Package fontspec Info: 
(fontspec)             Source Code Pro scale = 0.82.


Package fontspec Info: 
(fontspec)             Source Code Pro scale = 0.82.


Package fontspec Info: 
(fontspec)             Source Code Pro/B scale = 0.82.


Package fontspec Info: 
(fontspec)             Source Code Pro/I scale = 0.82.


Package fontspec Info: 
(fontspec)             Source Code Pro/BI scale = 0.82.


Package fontspec Info: 
(fontspec)             Font family 'SourceCodePro(0)' created for font 'Source
(fontspec)             Code Pro' with options
(fontspec)             [WordSpace={1,0,0},HyphenChar=None,PunctuationSpace=WordSpace,Scale=0.82].
(fontspec)              
(fontspec)              This font family consists of the following NFSS
(fontspec)             series/shapes:
(fontspec)              
(fontspec)             - 'normal' (m/n) with NFSS spec.:
(fontspec)             <->s*[0.82]"name:Source Code
(fontspec)             Pro:mode=node;script=latn;language=dflt;"
(fontspec)             - 'bold' (b/n) with NFSS spec.: <->s*[0.82]"name:Source
(fontspec)             Code Pro/B:mode=node;script=latn;language=dflt;"
(fontspec)             - 'italic' (m/it) with NFSS spec.:
(fontspec)             <->s*[0.82]"name:Source Code
(fontspec)             Pro/I:mode=node;script=latn;language=dflt;"
(fontspec)             - 'bold italic' (b/it) with NFSS spec.:
(fontspec)             <->s*[0.82]"name:Source Code
(fontspec)             Pro/BI:mode=node;script=latn;language=dflt;"


Package fontspec Info: 
(fontspec)             Source Code Pro scale = 0.82.


Package fontspec Info: 
(fontspec)             Source Code Pro scale = 0.82.


Package fontspec Info: 
(fontspec)             Source Code Pro/B scale = 0.82.


Package fontspec Info: 
(fontspec)             Source Code Pro/I scale = 0.82.


Package fontspec Info: 
(fontspec)             Source Code Pro/BI scale = 0.82.


Package fontspec Info: 
(fontspec)             Font family 'SourceCodePro(1)' created for font 'Source
(fontspec)             Code Pro' with options [Renderer=Basic,Scale=0.82].
(fontspec)              
(fontspec)              This font family consists of the following NFSS
(fontspec)             series/shapes:
(fontspec)              
(fontspec)             - 'normal' (m/n) with NFSS spec.:
(fontspec)             <->s*[0.82]"name:Source Code
(fontspec)             Pro:mode=base;script=latn;language=dflt;"
(fontspec)             - 'bold' (b/n) with NFSS spec.: <->s*[0.82]"name:Source
(fontspec)             Code Pro/B:mode=base;script=latn;language=dflt;"
(fontspec)             - 'italic' (m/it) with NFSS spec.:
(fontspec)             <->s*[0.82]"name:Source Code
(fontspec)             Pro/I:mode=base;script=latn;language=dflt;"
(fontspec)             - 'bold italic' (b/it) with NFSS spec.:
(fontspec)             <->s*[0.82]"name:Source Code
(fontspec)             Pro/BI:mode=base;script=latn;language=dflt;"

LaTeX Font Info:    Overwriting math alphabet `\mathtt' in version `normal'
(Font)                  OT1/cmtt/m/n --> TU/SourceCodePro(1)/m/n on input line 17.
LaTeX Font Info:    Overwriting math alphabet `\mathtt' in version `bold'
(Font)                  OT1/cmtt/m/n --> TU/SourceCodePro(1)/b/n on input line 17.

Package fontspec Info: 
(fontspec)             Font family 'FreeSerif(0)' created for font 'FreeSerif'
(fontspec)             with options [].
(fontspec)              
(fontspec)              This font family consists of the following NFSS
(fontspec)             series/shapes:
(fontspec)              
(fontspec)             - 'normal' (m/n) with NFSS spec.:
(fontspec)             <->"name:FreeSerif:mode=node;script=latn;language=dflt;"
(fontspec)             - 'small caps'  (m/sc) with NFSS spec.:
(fontspec)             <->"name:FreeSerif:mode=node;script=latn;language=dflt;+smcp;"
(fontspec)             - 'bold' (b/n) with NFSS spec.:
(fontspec)             <->"name:FreeSerif/B:mode=node;script=latn;language=dflt;"
(fontspec)             - 'bold small caps'  (b/sc) with NFSS spec.:
(fontspec)             <->"name:FreeSerif/B:mode=node;script=latn;language=dflt;+smcp;"
(fontspec)             - 'italic' (m/it) with NFSS spec.:
(fontspec)             <->"name:FreeSerif/I:mode=node;script=latn;language=dflt;"
(fontspec)             - 'bold italic' (b/it) with NFSS spec.:
(fontspec)             <->"name:FreeSerif/BI:mode=node;script=latn;language=dflt;"


Package fontspec Info: 
(fontspec)             Tex Gyre Pagella scale = 0.88.


Package fontspec Info: 
(fontspec)             Tex Gyre Pagella scale = 0.88.


Package fontspec Info: 
(fontspec)             Tex Gyre Pagella scale = 0.88.


Package fontspec Info: 
(fontspec)             Tex Gyre Pagella/B scale = 0.88.


Package fontspec Info: 
(fontspec)             Tex Gyre Pagella/B scale = 0.88.


Package fontspec Info: 
(fontspec)             Tex Gyre Pagella/I scale = 0.88.


Package fontspec Info: 
(fontspec)             Tex Gyre Pagella/I scale = 0.88.


Package fontspec Info: 
(fontspec)             Tex Gyre Pagella/BI scale = 0.88.


Package fontspec Info: 
(fontspec)             Tex Gyre Pagella/BI scale = 0.88.


Package fontspec Info: 
(fontspec)             Font family 'TexGyrePagella(0)' created for font 'Tex
(fontspec)             Gyre Pagella' with options [Scale=0.88].
(fontspec)              
(fontspec)              This font family consists of the following NFSS
(fontspec)             series/shapes:
(fontspec)              
(fontspec)             - 'normal' (m/n) with NFSS spec.: <->s*[0.88]"name:Tex
(fontspec)             Gyre Pagella:mode=node;script=latn;language=dflt;"
(fontspec)             - 'small caps'  (m/sc) with NFSS spec.:
(fontspec)             <->s*[0.88]"name:Tex Gyre
(fontspec)             Pagella:mode=node;script=latn;language=dflt;+smcp;"
(fontspec)             - 'bold' (b/n) with NFSS spec.: <->s*[0.88]"name:Tex
(fontspec)             Gyre Pagella/B:mode=node;script=latn;language=dflt;"
(fontspec)             - 'bold small caps'  (b/sc) with NFSS spec.:
(fontspec)             <->s*[0.88]"name:Tex Gyre
(fontspec)             Pagella/B:mode=node;script=latn;language=dflt;+smcp;"
(fontspec)             - 'italic' (m/it) with NFSS spec.: <->s*[0.88]"name:Tex
(fontspec)             Gyre Pagella/I:mode=node;script=latn;language=dflt;"
(fontspec)             - 'italic small caps'  (m/scit) with NFSS spec.:
(fontspec)             <->s*[0.88]"name:Tex Gyre
(fontspec)             Pagella/I:mode=node;script=latn;language=dflt;+smcp;"
(fontspec)             - 'bold italic' (b/it) with NFSS spec.:
(fontspec)             <->s*[0.88]"name:Tex Gyre
(fontspec)             Pagella/BI:mode=node;script=latn;language=dflt;"
(fontspec)             - 'bold italic small caps'  (b/scit) with NFSS spec.:
(fontspec)             <->s*[0.88]"name:Tex Gyre
(fontspec)             Pagella/BI:mode=node;script=latn;language=dflt;+smcp;"

 (/nix/store/l6hnsjs1h7bpwm3nbyklh1maabzd17nx-texlive-combined-2024-texmfdist/tex/latex/caption/subcaption.sty
Package: subcaption 2023/07/28 v1.6b Sub-captions (AR)
 (/nix/store/l6hnsjs1h7bpwm3nbyklh1maabzd17nx-texlive-combined-2024-texmfdist/tex/latex/caption/caption.sty
Package: caption 2023/08/05 v3.6o Customizing captions (AR)
 (/nix/store/l6hnsjs1h7bpwm3nbyklh1maabzd17nx-texlive-combined-2024-texmfdist/tex/latex/caption/caption3.sty
Package: caption3 2023/07/31 v2.4d caption3 kernel (AR)
\caption@tempdima=\dimen297
\captionmargin=\dimen298
\caption@leftmargin=\dimen299
\caption@rightmargin=\dimen300
\caption@width=\dimen301
\caption@indent=\dimen302
\caption@parindent=\dimen303
\caption@hangindent=\dimen304
Package caption Info: beamer document class detected.
 (/nix/store/l6hnsjs1h7bpwm3nbyklh1maabzd17nx-texlive-combined-2024-texmfdist/tex/latex/caption/caption-beamer.sto
File: caption-beamer.sto 2022/01/06 v2.0c Adaption of the caption package to the beamer document classes (AR)
))
\c@caption@flags=\count358
\c@continuedfloat=\count359
Package caption Info: hyperref package is loaded.
Package caption Info: Hyperref support is turned off
(caption)             because hyperref has stopped early.
)
Package caption Info: New subtype `subfigure' on input line 238.
\c@subfigure=\count360
Package caption Info: New subtype `subtable' on input line 238.
\c@subtable=\count361
) (/nix/store/l6hnsjs1h7bpwm3nbyklh1maabzd17nx-texlive-combined-2024-texmfdist/tex/latex/chronology/chronology.sty
Package: chronology 2023/08/20 v2.0 - Horizontal Timeline
 (/nix/store/l6hnsjs1h7bpwm3nbyklh1maabzd17nx-texlive-combined-2024-texmfdist/tex/latex/tools/calc.sty
Package: calc 2023/07/08 v4.3 Infix arithmetic (KKT,FJ)
\calc@Acount=\count362
\calc@Bcount=\count363
\calc@Adimen=\dimen305
\calc@Bdimen=\dimen306
\calc@Askip=\skip66
\calc@Bskip=\skip67
LaTeX Info: Redefining \setlength on input line 80.
LaTeX Info: Redefining \addtolength on input line 81.
\calc@Ccount=\count364
\calc@Cskip=\skip68
) (/nix/store/l6hnsjs1h7bpwm3nbyklh1maabzd17nx-texlive-combined-2024-texmfdist/tex/latex/pgf/frontendlayer/tikz.sty (/nix/store/l6hnsjs1h7bpwm3nbyklh1maabzd17nx-texlive-combined-2024-texmfdist/tex/latex/pgf/basiclayer/pgf.sty
Package: pgf 2023-01-15 v3.1.10 (3.1.10)
 (/nix/store/l6hnsjs1h7bpwm3nbyklh1maabzd17nx-texlive-combined-2024-texmfdist/tex/generic/pgf/modules/pgfmoduleshapes.code.tex
File: pgfmoduleshapes.code.tex 2023-01-15 v3.1.10 (3.1.10)
\pgfnodeparttextbox=\box78
) (/nix/store/l6hnsjs1h7bpwm3nbyklh1maabzd17nx-texlive-combined-2024-texmfdist/tex/generic/pgf/modules/pgfmoduleplot.code.tex
File: pgfmoduleplot.code.tex 2023-01-15 v3.1.10 (3.1.10)
) (/nix/store/l6hnsjs1h7bpwm3nbyklh1maabzd17nx-texlive-combined-2024-texmfdist/tex/latex/pgf/compatibility/pgfcomp-version-0-65.sty
Package: pgfcomp-version-0-65 2023-01-15 v3.1.10 (3.1.10)
\pgf@nodesepstart=\dimen307
\pgf@nodesepend=\dimen308
) (/nix/store/l6hnsjs1h7bpwm3nbyklh1maabzd17nx-texlive-combined-2024-texmfdist/tex/latex/pgf/compatibility/pgfcomp-version-1-18.sty
Package: pgfcomp-version-1-18 2023-01-15 v3.1.10 (3.1.10)
)) (/nix/store/l6hnsjs1h7bpwm3nbyklh1maabzd17nx-texlive-combined-2024-texmfdist/tex/latex/pgf/utilities/pgffor.sty (/nix/store/l6hnsjs1h7bpwm3nbyklh1maabzd17nx-texlive-combined-2024-texmfdist/tex/generic/pgf/utilities/pgffor.code.tex
Package: pgffor 2023-01-15 v3.1.10 (3.1.10)
\pgffor@iter=\dimen309
\pgffor@skip=\dimen310
\pgffor@stack=\toks49
\pgffor@toks=\toks50
)) (/nix/store/l6hnsjs1h7bpwm3nbyklh1maabzd17nx-texlive-combined-2024-texmfdist/tex/generic/pgf/frontendlayer/tikz/tikz.code.tex
Package: tikz 2023-01-15 v3.1.10 (3.1.10)
 (/nix/store/l6hnsjs1h7bpwm3nbyklh1maabzd17nx-texlive-combined-2024-texmfdist/tex/generic/pgf/libraries/pgflibraryplothandlers.code.tex
File: pgflibraryplothandlers.code.tex 2023-01-15 v3.1.10 (3.1.10)
\pgf@plot@mark@count=\count365
\pgfplotmarksize=\dimen311
)
\tikz@lastx=\dimen312
\tikz@lasty=\dimen313
\tikz@lastxsaved=\dimen314
\tikz@lastysaved=\dimen315
\tikz@lastmovetox=\dimen316
\tikz@lastmovetoy=\dimen317
\tikzleveldistance=\dimen318
\tikzsiblingdistance=\dimen319
\tikz@figbox=\box79
\tikz@figbox@bg=\box80
\tikz@tempbox=\box81
\tikz@tempbox@bg=\box82
\tikztreelevel=\count366
\tikznumberofchildren=\count367
\tikznumberofcurrentchild=\count368
\tikz@fig@count=\count369
 (/nix/store/l6hnsjs1h7bpwm3nbyklh1maabzd17nx-texlive-combined-2024-texmfdist/tex/generic/pgf/modules/pgfmodulematrix.code.tex
File: pgfmodulematrix.code.tex 2023-01-15 v3.1.10 (3.1.10)
\pgfmatrixcurrentrow=\count370
\pgfmatrixcurrentcolumn=\count371
\pgf@matrix@numberofcolumns=\count372
)
\tikz@expandcount=\count373
 (/nix/store/l6hnsjs1h7bpwm3nbyklh1maabzd17nx-texlive-combined-2024-texmfdist/tex/generic/pgf/frontendlayer/tikz/libraries/tikzlibrarytopaths.code.tex
File: tikzlibrarytopaths.code.tex 2023-01-15 v3.1.10 (3.1.10)
)))
\c@step=\count374
\c@stepstart=\count375
\c@stepstop=\count376
\c@yearstart=\count377
\c@yearstop=\count378
\c@deltayears=\count379
\xstart=\skip69
\xstop=\skip70
\unit=\skip71
\timelinewidth=\skip72
\timelinebox=\box83
) (/nix/store/l6hnsjs1h7bpwm3nbyklh1maabzd17nx-texlive-combined-2024-texmfdist/tex/latex/booktabs/booktabs.sty
Package: booktabs 2020/01/12 v1.61803398 Publication quality tables
\heavyrulewidth=\dimen320
\lightrulewidth=\dimen321
\cmidrulewidth=\dimen322
\belowrulesep=\dimen323
\belowbottomsep=\dimen324
\aboverulesep=\dimen325
\abovetopsep=\dimen326
\cmidrulesep=\dimen327
\cmidrulekern=\dimen328
\defaultaddspace=\dimen329
\@cmidla=\count380
\@cmidlb=\count381
\@aboverulesep=\dimen330
\@belowrulesep=\dimen331
\@thisruleclass=\count382
\@lastruleclass=\count383
\@thisrulewidth=\dimen332
) (/nix/store/l6hnsjs1h7bpwm3nbyklh1maabzd17nx-texlive-combined-2024-texmfdist/tex/latex/cleveref/cleveref.sty
Package: cleveref 2018/03/27 v0.21.4 Intelligent cross-referencing


Package cleveref Warning: hyperref package loaded with implicit=false option - disabling cleveref's hyperref support. This situation is not supported by cleveref, and there's no guarantee anything will work. You're on your own! on input line 2370.

Package cleveref Info: `amsthm' support loaded on input line 3026.
)
Package hyperref Info: Option `colorlinks' set `true' on input line 32.
 (/nix/store/l6hnsjs1h7bpwm3nbyklh1maabzd17nx-texlive-combined-2024-texmfdist/tex/latex/collcell/collcell.sty
Package: collcell 2025/02/21 v0.6 Collect the content of a tabular cell
 (/nix/store/l6hnsjs1h7bpwm3nbyklh1maabzd17nx-texlive-combined-2024-texmfdist/tex/latex/tools/array.sty
Package: array 2024/10/17 v2.6g Tabular extension package (FMi)
\col@sep=\dimen333
\ar@mcellbox=\box84
\extrarowheight=\dimen334
\NC@list=\toks51
\extratabsurround=\skip73
\backup@length=\skip74
\ar@cellbox=\box85
)
\collect@cell@count=\count384
\l@collect@cell@env@cnt=\count385
) (/nix/store/l6hnsjs1h7bpwm3nbyklh1maabzd17nx-texlive-combined-2024-texmfdist/tex/latex/minted/minted.sty
Package: minted 2025/03/06 v3.6.0 Yet another Pygments shim for LaTeX
 (/nix/store/l6hnsjs1h7bpwm3nbyklh1maabzd17nx-texlive-combined-2024-texmfdist/tex/generic/catchfile/catchfile.sty
Package: catchfile 2019/12/09 v1.8 Catch the contents of a file (HO)
 (/nix/store/l6hnsjs1h7bpwm3nbyklh1maabzd17nx-texlive-combined-2024-texmfdist/tex/generic/etexcmds/etexcmds.sty
Package: etexcmds 2019/12/15 v1.7 Avoid name clashes with e-TeX commands (HO)
)) (/nix/store/l6hnsjs1h7bpwm3nbyklh1maabzd17nx-texlive-combined-2024-texmfdist/tex/latex/fvextra/fvextra.sty
Package: fvextra 2025/03/04 v1.12.0 fvextra - extensions and patches for fancyvrb
 (/nix/store/l6hnsjs1h7bpwm3nbyklh1maabzd17nx-texlive-combined-2024-texmfdist/tex/latex/fancyvrb/fancyvrb.sty
Package: fancyvrb 2024/01/20 4.5c verbatim text (tvz,hv)
\FV@CodeLineNo=\count386
\FV@InFile=\read3
\FV@TabBox=\box86
\c@FancyVerbLine=\count387
\FV@StepNumber=\count388
\FV@OutFile=\write5
) (/nix/store/l6hnsjs1h7bpwm3nbyklh1maabzd17nx-texlive-combined-2024-texmfdist/tex/latex/upquote/upquote.sty
Package: upquote 2012/04/19 v1.3 upright-quote and grave-accent glyphs in verbatim
 (/nix/store/l6hnsjs1h7bpwm3nbyklh1maabzd17nx-texlive-combined-2024-texmfdist/tex/latex/base/textcomp.sty
Package: textcomp 2024/04/24 v2.1b Standard LaTeX package
)) (/nix/store/l6hnsjs1h7bpwm3nbyklh1maabzd17nx-texlive-combined-2024-texmfdist/tex/latex/lineno/lineno.sty
Package: lineno 2025/01/29 line numbers on paragraphs v5.4
\linenopenalty=\count389
\output=\toks52
\linenoprevgraf=\count390
\linenumbersep=\dimen335
\linenumberwidth=\dimen336
\c@linenumber=\count391
\c@pagewiselinenumber=\count392
\c@LN@truepage=\count393
\c@internallinenumber=\count394
\c@internallinenumbers=\count395
\quotelinenumbersep=\dimen337
\bframerule=\dimen338
\bframesep=\dimen339
\bframebox=\box87
\@LN@amsmath@ams@eqpen=\count396
LaTeX Info: Redefining \\ on input line 3187.
)
\c@FancyVerbWriteLine=\count397
\c@FancyVerbBufferLine=\count398
\c@FV@TrueTabGroupLevel=\count399
\c@FV@TrueTabCounter=\count400
\FV@TabBox@Group=\box88
\FV@bgcolorstructbox=\box89
\FV@TmpLength=\skip75
\c@FV@HighlightLinesStart=\count401
\c@FV@HighlightLinesStop=\count402
\FV@LoopCount=\count403
\FV@NCharsBox=\box90
\FV@BreakIndent=\dimen340
\FV@BreakIndentNChars=\count404
\FV@BreakSymbolSepLeft=\dimen341
\FV@BreakSymbolSepLeftNChars=\count405
\FV@BreakSymbolSepRight=\dimen342
\FV@BreakSymbolSepRightNChars=\count406
\FV@BreakSymbolIndentLeft=\dimen343
\FV@BreakSymbolIndentLeftNChars=\count407
\FV@BreakSymbolIndentRight=\dimen344
\FV@BreakSymbolIndentRightNChars=\count408
\c@FancyVerbLineBreakLast=\count409
\FV@LineBox=\box91
\FV@LineIndentBox=\box92
\c@FV@BreakBufferDepth=\count410
\FV@LineWidth=\dimen345
) (/nix/store/l6hnsjs1h7bpwm3nbyklh1maabzd17nx-texlive-combined-2024-texmfdist/tex/latex/latex2pydata/latex2pydata.sty
Package: latex2pydata 2025/03/03 v0.5.0 latex2pydata - write data to file in Python literal format
) (/nix/store/l6hnsjs1h7bpwm3nbyklh1maabzd17nx-texlive-combined-2024-texmfdist/tex/latex/pgfopts/pgfopts.sty
Package: pgfopts 2014/07/10 v2.1a LaTeX package options with pgfkeys
\pgfopts@list@add@a@toks=\toks53
\pgfopts@list@add@b@toks=\toks54
) (/nix/store/l6hnsjs1h7bpwm3nbyklh1maabzd17nx-texlive-combined-2024-texmfdist/tex/latex/tools/shellesc.sty
Package: shellesc 2023/07/08 v1.0d unified shell escape interface for LaTeX
Package shellesc Info: Unrestricted shell escape enabled on input line 75.
) (/nix/store/l6hnsjs1h7bpwm3nbyklh1maabzd17nx-texlive-combined-2024-texmfdist/tex/latex/float/float.sty
Package: float 2001/11/08 v1.3d Float enhancements (AL)
\c@float@type=\count411
\float@exts=\toks55
\float@box=\box93
\@float@everytoks=\toks56
\@floatcapt=\box94
)
\c@minted@FancyVerbLineTemp=\count412
\@float@every@listing=\toks57
\c@listing=\count413
) (/nix/store/l6hnsjs1h7bpwm3nbyklh1maabzd17nx-texlive-combined-2024-texmfdist/tex/latex/luacolor/luacolor.sty
Package: luacolor 2023-08-18 v1.18 Color support via LuaTeX's attributes (HO)
Inserting `luacolor.process' in `pre_shipout_filter'.
\LuaCol@Attribute=\attribute4
) (/nix/store/l6hnsjs1h7bpwm3nbyklh1maabzd17nx-texlive-combined-2024-texmfdist/tex/lualatex/piton/piton.sty
Package: piton 2025/03/04 v4.2c Highlight informatic listings with LPEG on LuaLaTeX
 (/nix/store/l6hnsjs1h7bpwm3nbyklh1maabzd17nx-texlive-combined-2024-texmfdist/tex/luatex/luatexbase/luatexbase.sty
Package: luatexbase 2015/10/04 v1.3 luatexbase interface to LuaTeX 
 (/nix/store/l6hnsjs1h7bpwm3nbyklh1maabzd17nx-texlive-combined-2024-texmfdist/tex/luatex/ctablestack/ctablestack.sty
Package: ctablestack 2015/10/01 v1.0 Catcode table stable support
\@catcodetablestackcnt=\count414
)
\CatcodeTableOther=\catcodetable14
\CatcodeTableExpl=\catcodetable15
) (/nix/store/l6hnsjs1h7bpwm3nbyklh1maabzd17nx-texlive-combined-2024-texmfdist/tex/lualatex/luacode/luacode.sty
Package: luacode 2012/01/23 v1.2a lua-in-tex helpers (mpg)
 (/nix/store/l6hnsjs1h7bpwm3nbyklh1maabzd17nx-texlive-combined-2024-texmfdist/tex/generic/iftex/ifluatex.sty
Package: ifluatex 2019/10/25 v1.5 ifluatex legacy package. Use iftex instead.
)
\luacode@lines=\toks58
\luacode@table@soft=\catcodetable16
)
\l__piton_nb_lines_int=\count415
\l__piton_nb_non_empty_lines_int=\count416
\g__piton_line_int=\count417
\l__piton_splittable_int=\count418
\g__piton_env_int=\count419
\l__piton_width_dim=\dimen346
\l__piton_line_width_dim=\dimen347
\g__piton_tmp_width_dim=\dimen348
\l__piton_left_margin_dim=\dimen349
\l__piton_numbers_sep_dim=\dimen350
\l__piton_tab_size_int=\count420
\l__piton_gobble_int=\count421
\g__piton_indentation_int=\count422
\l__piton_number_lines_start_int=\count423
\g__piton_visual_line_int=\count424
) (/nix/store/l6hnsjs1h7bpwm3nbyklh1maabzd17nx-texlive-combined-2024-texmfdist/tex/generic/soul/soul.sty
Package: soul 2023-06-14 v3.1 Permit use of UTF-8 characters in soul (HO)
 (/nix/store/l6hnsjs1h7bpwm3nbyklh1maabzd17nx-texlive-combined-2024-texmfdist/tex/generic/soul/soul-ori.sty
Package: soul-ori 2023-06-14 v3.1 letterspacing/underlining (mf)
\SOUL@word=\toks59
\SOUL@lasttoken=\toks60
\SOUL@syllable=\toks61
\SOUL@cmds=\toks62
\SOUL@buffer=\toks63
\SOUL@token=\toks64
\SOUL@syllgoal=\dimen351
\SOUL@syllwidth=\dimen352
\SOUL@charkern=\dimen353
\SOUL@hyphkern=\dimen354
\SOUL@dimen=\dimen355
\SOUL@dimeni=\dimen356
\SOUL@minus=\count425
\SOUL@comma=\count426
\SOUL@apo=\count427
\SOUL@grave=\count428
\SOUL@spaceskip=\skip76
\SOUL@ttwidth=\dimen357
\SOUL@uldp=\dimen358
\SOUL@ulht=\dimen359
)) (/nix/store/l6hnsjs1h7bpwm3nbyklh1maabzd17nx-texlive-combined-2024-texmfdist/tex/generic/pgf/frontendlayer/tikz/libraries/tikzlibrarypositioning.code.tex
File: tikzlibrarypositioning.code.tex 2023-01-15 v3.1.10 (3.1.10)
) (/nix/store/l6hnsjs1h7bpwm3nbyklh1maabzd17nx-texlive-combined-2024-texmfdist/tex/latex/aobs-tikz/tikzlibraryoverlay-beamer-styles.code.tex) (/nix/store/l6hnsjs1h7bpwm3nbyklh1maabzd17nx-texlive-combined-2024-texmfdist/tex/generic/pgf/frontendlayer/tikz/libraries/tikzlibrarydecorations.markings.code.tex (/nix/store/l6hnsjs1h7bpwm3nbyklh1maabzd17nx-texlive-combined-2024-texmfdist/tex/generic/pgf/frontendlayer/tikz/libraries/tikzlibrarydecorations.code.tex (/nix/store/l6hnsjs1h7bpwm3nbyklh1maabzd17nx-texlive-combined-2024-texmfdist/tex/generic/pgf/modules/pgfmoduledecorations.code.tex
\pgfdecoratedcompleteddistance=\dimen360
\pgfdecoratedremainingdistance=\dimen361
\pgfdecoratedinputsegmentcompleteddistance=\dimen362
\pgfdecoratedinputsegmentremainingdistance=\dimen363
\pgf@decorate@distancetomove=\dimen364
\pgf@decorate@repeatstate=\count429
\pgfdecorationsegmentamplitude=\dimen365
\pgfdecorationsegmentlength=\dimen366
)
\tikz@lib@dec@box=\box95
) (/nix/store/l6hnsjs1h7bpwm3nbyklh1maabzd17nx-texlive-combined-2024-texmfdist/tex/generic/pgf/libraries/decorations/pgflibrarydecorations.markings.code.tex)) (/nix/store/l6hnsjs1h7bpwm3nbyklh1maabzd17nx-texlive-combined-2024-texmfdist/tex/generic/pgf/frontendlayer/tikz/libraries/tikzlibraryshapes.geometric.code.tex
File: tikzlibraryshapes.geometric.code.tex 2023-01-15 v3.1.10 (3.1.10)
 (/nix/store/l6hnsjs1h7bpwm3nbyklh1maabzd17nx-texlive-combined-2024-texmfdist/tex/generic/pgf/libraries/shapes/pgflibraryshapes.geometric.code.tex
File: pgflibraryshapes.geometric.code.tex 2023-01-15 v3.1.10 (3.1.10)
)) (/nix/store/l6hnsjs1h7bpwm3nbyklh1maabzd17nx-texlive-combined-2024-texmfdist/tex/generic/pgf/frontendlayer/tikz/libraries/tikzlibrarydecorations.pathreplacing.code.tex (/nix/store/l6hnsjs1h7bpwm3nbyklh1maabzd17nx-texlive-combined-2024-texmfdist/tex/generic/pgf/libraries/decorations/pgflibrarydecorations.pathreplacing.code.tex)) (/nix/store/l6hnsjs1h7bpwm3nbyklh1maabzd17nx-texlive-combined-2024-texmfdist/tex/generic/pgf/frontendlayer/tikz/libraries/tikzlibraryangles.code.tex
File: tikzlibraryangles.code.tex 2023-01-15 v3.1.10 (3.1.10)
) (/nix/store/l6hnsjs1h7bpwm3nbyklh1maabzd17nx-texlive-combined-2024-texmfdist/tex/generic/pgf/frontendlayer/tikz/libraries/tikzlibraryquotes.code.tex
File: tikzlibraryquotes.code.tex 2023-01-15 v3.1.10 (3.1.10)
) (/nix/store/l6hnsjs1h7bpwm3nbyklh1maabzd17nx-texlive-combined-2024-texmfdist/tex/generic/pgf/frontendlayer/tikz/libraries/tikzlibrarypatterns.code.tex
File: tikzlibrarypatterns.code.tex 2023-01-15 v3.1.10 (3.1.10)
 (/nix/store/l6hnsjs1h7bpwm3nbyklh1maabzd17nx-texlive-combined-2024-texmfdist/tex/generic/pgf/libraries/pgflibrarypatterns.code.tex
File: pgflibrarypatterns.code.tex 2023-01-15 v3.1.10 (3.1.10)
)) (/nix/store/l6hnsjs1h7bpwm3nbyklh1maabzd17nx-texlive-combined-2024-texmfdist/tex/generic/pgf/frontendlayer/tikz/libraries/tikzlibraryarrows.code.tex
File: tikzlibraryarrows.code.tex 2023-01-15 v3.1.10 (3.1.10)
 (/nix/store/l6hnsjs1h7bpwm3nbyklh1maabzd17nx-texlive-combined-2024-texmfdist/tex/generic/pgf/libraries/pgflibraryarrows.code.tex
File: pgflibraryarrows.code.tex 2023-01-15 v3.1.10 (3.1.10)
\arrowsize=\dimen367
)) (/nix/store/l6hnsjs1h7bpwm3nbyklh1maabzd17nx-texlive-combined-2024-texmfdist/tex/generic/pgf/frontendlayer/tikz/libraries/tikzlibraryshapes.code.tex
File: tikzlibraryshapes.code.tex 2023-01-15 v3.1.10 (3.1.10)
 (/nix/store/l6hnsjs1h7bpwm3nbyklh1maabzd17nx-texlive-combined-2024-texmfdist/tex/generic/pgf/frontendlayer/tikz/libraries/tikzlibraryshapes.misc.code.tex
File: tikzlibraryshapes.misc.code.tex 2023-01-15 v3.1.10 (3.1.10)
 (/nix/store/l6hnsjs1h7bpwm3nbyklh1maabzd17nx-texlive-combined-2024-texmfdist/tex/generic/pgf/libraries/shapes/pgflibraryshapes.misc.code.tex
File: pgflibraryshapes.misc.code.tex 2023-01-15 v3.1.10 (3.1.10)
)) (/nix/store/l6hnsjs1h7bpwm3nbyklh1maabzd17nx-texlive-combined-2024-texmfdist/tex/generic/pgf/frontendlayer/tikz/libraries/tikzlibraryshapes.symbols.code.tex
File: tikzlibraryshapes.symbols.code.tex 2023-01-15 v3.1.10 (3.1.10)
 (/nix/store/l6hnsjs1h7bpwm3nbyklh1maabzd17nx-texlive-combined-2024-texmfdist/tex/generic/pgf/libraries/shapes/pgflibraryshapes.symbols.code.tex
File: pgflibraryshapes.symbols.code.tex 2023-01-15 v3.1.10 (3.1.10)
)) (/nix/store/l6hnsjs1h7bpwm3nbyklh1maabzd17nx-texlive-combined-2024-texmfdist/tex/generic/pgf/frontendlayer/tikz/libraries/tikzlibraryshapes.arrows.code.tex
File: tikzlibraryshapes.arrows.code.tex 2023-01-15 v3.1.10 (3.1.10)
 (/nix/store/l6hnsjs1h7bpwm3nbyklh1maabzd17nx-texlive-combined-2024-texmfdist/tex/generic/pgf/libraries/shapes/pgflibraryshapes.arrows.code.tex
File: pgflibraryshapes.arrows.code.tex 2023-01-15 v3.1.10 (3.1.10)
)) (/nix/store/l6hnsjs1h7bpwm3nbyklh1maabzd17nx-texlive-combined-2024-texmfdist/tex/generic/pgf/frontendlayer/tikz/libraries/tikzlibraryshapes.callouts.code.tex (/nix/store/l6hnsjs1h7bpwm3nbyklh1maabzd17nx-texlive-combined-2024-texmfdist/tex/generic/pgf/libraries/shapes/pgflibraryshapes.callouts.code.tex)) (/nix/store/l6hnsjs1h7bpwm3nbyklh1maabzd17nx-texlive-combined-2024-texmfdist/tex/generic/pgf/frontendlayer/tikz/libraries/tikzlibraryshapes.multipart.code.tex
File: tikzlibraryshapes.multipart.code.tex 2023-01-15 v3.1.10 (3.1.10)
 (/nix/store/l6hnsjs1h7bpwm3nbyklh1maabzd17nx-texlive-combined-2024-texmfdist/tex/generic/pgf/libraries/shapes/pgflibraryshapes.multipart.code.tex
File: pgflibraryshapes.multipart.code.tex 2023-01-15 v3.1.10 (3.1.10)
\pgfnodepartlowerbox=\box96
\pgfnodeparttwobox=\box97
\pgfnodepartthreebox=\box98
\pgfnodepartfourbox=\box99
\pgfnodeparttwentybox=\box100
\pgfnodepartnineteenbox=\box101
\pgfnodeparteighteenbox=\box102
\pgfnodepartseventeenbox=\box103
\pgfnodepartsixteenbox=\box104
\pgfnodepartfifteenbox=\box105
\pgfnodepartfourteenbox=\box106
\pgfnodepartthirteenbox=\box107
\pgfnodeparttwelvebox=\box108
\pgfnodepartelevenbox=\box109
\pgfnodeparttenbox=\box110
\pgfnodepartninebox=\box111
\pgfnodeparteightbox=\box112
\pgfnodepartsevenbox=\box113
\pgfnodepartsixbox=\box114
\pgfnodepartfivebox=\box115
))) (/nix/store/l6hnsjs1h7bpwm3nbyklh1maabzd17nx-texlive-combined-2024-texmfdist/tex/generic/pgf/frontendlayer/tikz/libraries/tikzlibraryshadows.code.tex
File: tikzlibraryshadows.code.tex 2023-01-15 v3.1.10 (3.1.10)
 (/nix/store/l6hnsjs1h7bpwm3nbyklh1maabzd17nx-texlive-combined-2024-texmfdist/tex/generic/pgf/frontendlayer/tikz/libraries/tikzlibraryfadings.code.tex
File: tikzlibraryfadings.code.tex 2023-01-15 v3.1.10 (3.1.10)
 (/nix/store/l6hnsjs1h7bpwm3nbyklh1maabzd17nx-texlive-combined-2024-texmfdist/tex/generic/pgf/libraries/pgflibraryfadings.code.tex
File: pgflibraryfadings.code.tex 2023-01-15 v3.1.10 (3.1.10)
))) (/nix/store/l6hnsjs1h7bpwm3nbyklh1maabzd17nx-texlive-combined-2024-texmfdist/tex/generic/pgf/frontendlayer/tikz/libraries/tikzlibrarycalc.code.tex
File: tikzlibrarycalc.code.tex 2023-01-15 v3.1.10 (3.1.10)
) (/nix/store/l6hnsjs1h7bpwm3nbyklh1maabzd17nx-texlive-combined-2024-texmfdist/tex/generic/pgf/frontendlayer/tikz/libraries/tikzlibrarydecorations.text.code.tex (/nix/store/l6hnsjs1h7bpwm3nbyklh1maabzd17nx-texlive-combined-2024-texmfdist/tex/generic/pgf/libraries/decorations/pgflibrarydecorations.text.code.tex
\pgf@lib@dec@text@box=\box116
)
\tikz@lib@dec@te@box=\box117
) (/nix/store/l6hnsjs1h7bpwm3nbyklh1maabzd17nx-texlive-combined-2024-texmfdist/tex/generic/pgf/frontendlayer/tikz/libraries/tikzlibrarybackgrounds.code.tex
File: tikzlibrarybackgrounds.code.tex 2023-01-15 v3.1.10 (3.1.10)
\pgf@layerbox@background=\box118
\pgf@layerboxsaved@background=\box119
) (/nix/store/l6hnsjs1h7bpwm3nbyklh1maabzd17nx-texlive-combined-2024-texmfdist/tex/generic/pgf/libraries/pgflibraryarrows.meta.code.tex
File: pgflibraryarrows.meta.code.tex 2023-01-15 v3.1.10 (3.1.10)
\pgfarrowinset=\dimen368
\pgfarrowlength=\dimen369
\pgfarrowwidth=\dimen370
\pgfarrowlinewidth=\dimen371
) (/nix/store/l6hnsjs1h7bpwm3nbyklh1maabzd17nx-texlive-combined-2024-texmfdist/tex/latex/forest/forest.sty
Package: forest 2017/07/14 v2.1.5 Drawing (linguistic) trees
 (/nix/store/l6hnsjs1h7bpwm3nbyklh1maabzd17nx-texlive-combined-2024-texmfdist/tex/generic/pgf/frontendlayer/tikz/libraries/tikzlibraryfit.code.tex
File: tikzlibraryfit.code.tex 2023-01-15 v3.1.10 (3.1.10)
) (/nix/store/l6hnsjs1h7bpwm3nbyklh1maabzd17nx-texlive-combined-2024-texmfdist/tex/generic/pgf/libraries/pgflibraryintersections.code.tex (/nix/store/l6hnsjs1h7bpwm3nbyklh1maabzd17nx-texlive-combined-2024-texmfdist/tex/generic/pgf/libraries/pgflibraryfpu.code.tex)
\pgf@intersect@solutions=\count430
) (/nix/store/l6hnsjs1h7bpwm3nbyklh1maabzd17nx-texlive-combined-2024-texmfdist/tex/latex/elocalloc/elocalloc.sty
Package: elocalloc 2016/12/15 v0.03 local allocation for LaTeX 2015+ (DPC)
) (/nix/store/l6hnsjs1h7bpwm3nbyklh1maabzd17nx-texlive-combined-2024-texmfdist/tex/latex/environ/environ.sty
Package: environ 2014/05/04 v0.3 A new way to define environments
 (/nix/store/l6hnsjs1h7bpwm3nbyklh1maabzd17nx-texlive-combined-2024-texmfdist/tex/latex/trimspaces/trimspaces.sty
Package: trimspaces 2009/09/17 v1.1 Trim spaces around a token list
)) (/nix/store/l6hnsjs1h7bpwm3nbyklh1maabzd17nx-texlive-combined-2024-texmfdist/tex/latex/inlinedef/inlinedef.sty
Package: inlinedef 2008/07/10 v1.0 Inlined expansions within definitions
\ID@toks=\toks65
\ID@count=\count431
)
\ID@usercommands=\toks66
\safeloop@depth=\count432
\safeRKloop@depth=\count433
\forest@temp@dimen=\dimen372
\forest@temp@count=\count434
\forest@n=\count435
\forest@temp@global@count=\count436
\forest@temp@toks=\toks67
\forest@temparray@M=\count437
\forest@temparray@N=\count438
\forest@global@temparray@M=\count439
\forest@global@temparray@N=\count440
\forest@isnum@count=\count441
\forest@isdim@nonintpart=\count442
\forest@isdim@dimen=\dimen373
\forest@sort@m=\count443
\forest@sort@k=\count444
\forest@sort@p=\count445
\bracket@content=\toks68
\bracket@afterthought=\toks69
\forest@node@maxid=\count446
\forest@process@left@M=\count447
\forest@process@left@N=\count448
\forest@process@right@M=\count449
\forest@process@right@N=\count450
\forest@process@saved@M=\count451
\forest@process@saved@N=\count452
\forest@process@result@M=\count453
\forest@process@result@N=\count454
\forest@process@n=\count455
\forest@nodewalk@branch@toks=\toks70
\forest@nodewalk@shortsteps@resolution=\toks71
\forest@do@dynamics=\toks72
\forest@box=\box120
\forest@xg=\dimen374
\forest@yg=\dimen375
\forest@xs=\dimen376
\forest@ys=\dimen377
\forest@pi@toks=\toks73
\forest@segment@toks=\toks74
\forest@PIi@toks=\toks75
\forest@PIii@toks=\toks76
\forest@copy@in=\read4
\forest@copy@out=\write6
\forest@externalize@max@outer@n=\count456
\forest@externalize@inner@n=\count457
) (/nix/store/l6hnsjs1h7bpwm3nbyklh1maabzd17nx-texlive-combined-2024-texmfdist/tex/latex/tcolorbox/tcolorbox.sty
Package: tcolorbox 2024/10/22 version 6.4.1 text color boxes
 (/nix/store/l6hnsjs1h7bpwm3nbyklh1maabzd17nx-texlive-combined-2024-texmfdist/tex/latex/tools/verbatim.sty
Package: verbatim 2024-01-22 v1.5x LaTeX2e package for verbatim enhancements
\every@verbatim=\toks77
\verbatim@line=\toks78
\verbatim@in@stream=\read5
)
\tcb@titlebox=\box121
\tcb@upperbox=\box122
\tcb@lowerbox=\box123
\tcb@phantombox=\box124
\c@tcbbreakpart=\count458
\c@tcblayer=\count459
\c@tcolorbox@number=\count460
\l__tcobox_tmpa_box=\box125
\l__tcobox_tmpa_dim=\dimen378
\tcb@temp=\box126
\tcb@temp=\box127
\tcb@temp=\box128
\tcb@temp=\box129
 (/nix/store/l6hnsjs1h7bpwm3nbyklh1maabzd17nx-texlive-combined-2024-texmfdist/tex/latex/tcolorbox/tcbskins.code.tex
Library (tcolorbox): 'tcbskins.code.tex' version '6.4.1'
(/nix/store/l6hnsjs1h7bpwm3nbyklh1maabzd17nx-texlive-combined-2024-texmfdist/tex/latex/tikzfill/tikzfill.image.sty
Package: tikzfill.image 2023/08/08 v1.0.1 Image filling library for TikZ
 (/nix/store/l6hnsjs1h7bpwm3nbyklh1maabzd17nx-texlive-combined-2024-texmfdist/tex/latex/tikzfill/tikzfill-common.sty
Package: tikzfill-common 2023/08/08 v1.0.1 Auxiliary code for tikzfill
) (/nix/store/l6hnsjs1h7bpwm3nbyklh1maabzd17nx-texlive-combined-2024-texmfdist/tex/latex/tikzfill/tikzlibraryfill.image.code.tex
File: tikzlibraryfill.image.code.tex 2023/08/08 v1.0.1 Image filling library
\l__tikzfill_img_box=\box130
)) (/nix/store/l6hnsjs1h7bpwm3nbyklh1maabzd17nx-texlive-combined-2024-texmfdist/tex/latex/tcolorbox/tcbskinsjigsaw.code.tex
Library (tcolorbox): 'tcbskinsjigsaw.code.tex' version '6.4.1'
))) (/nix/store/l6hnsjs1h7bpwm3nbyklh1maabzd17nx-texlive-combined-2024-texmfdist/tex/latex/tabularray/tabularray.sty
Package: tabularray 2024-02-16 v2024A Typeset tabulars and arrays with LaTeX3
\l__tblr_a_int=\count461
\l__tblr_c_int=\count462
\l__tblr_r_int=\count463
\l__tblr_d_dim=\dimen379
\l__tblr_h_dim=\dimen380
\l__tblr_o_dim=\dimen381
\l__tblr_p_dim=\dimen382
\l__tblr_q_dim=\dimen383
\l__tblr_r_dim=\dimen384
\l__tblr_s_dim=\dimen385
\l__tblr_t_dim=\dimen386
\l__tblr_v_dim=\dimen387
\l__tblr_w_dim=\dimen388
\l__tblr_a_box=\box131
\l__tblr_b_box=\box132
\l__tblr_c_box=\box133
\l__tblr_d_box=\box134
\g__tblr_table_count_int=\count464
\c@rownum=\count465
\c@colnum=\count466
\c@rowcount=\count467
\c@colcount=\count468
\abovesep=\dimen389
\belowsep=\dimen390
\leftsep=\dimen391
\rightsep=\dimen392
\g_tblr_level_int=\count469
\g__tblr_data_row_key_count_int=\count470
\g__tblr_data_column_key_count_int=\count471
\g__tblr_data_cell_key_count_int=\count472
\g__tblr_array_int=\count473
\l__tblr_key_count_int=\count474
\l__tblr_key_quotient_int=\count475
\l__tblr_key_quotient_two_int=\count476
\l__tblr_key_remainder_int=\count477
\g__tblr_data_str_value_count_int=\count478
\rulewidth=\dimen393
\l__tblr_strut_dp_dim=\dimen394
\l__tblr_strut_ht_dim=\dimen395
\g__tblr_cell_wd_dim=\dimen396
\g__tblr_cell_ht_dim=\dimen397
\g__tblr_cell_head_dim=\dimen398
\g__tblr_cell_foot_dim=\dimen399
\l__column_target_dim=\dimen400
\l__tblr_caption_box=\box135
\l__tblr_caption_left_box=\box136
\l__tblr_row_head_box=\box137
\l__tblr_row_foot_box=\box138
\l__tblr_row_head_foot_dim=\dimen401
\tablewidth=\dimen402
\l__tblr_table_firsthead_box=\box139
\l__tblr_table_middlehead_box=\box140
\l__tblr_table_lasthead_box=\box141
\l__tblr_table_firstfoot_box=\box142
\l__tblr_table_middlefoot_box=\box143
\l__tblr_table_lastfoot_box=\box144
\l__tblr_remain_height_dim=\dimen403
\l__tblr_long_from_int=\count479
\l__tblr_long_to_int=\count480
\l__tblr_curr_i_int=\count481
\l__tblr_prev_i_int=\count482
\l__tblr_table_page_int=\count483
\l__tblr_table_head_box=\box145
\l__tblr_table_foot_box=\box146
\l__tblr_table_head_foot_dim=\dimen404
\l__tblr_table_head_body_foot_dim=\dimen405
\l__tblr_table_box=\box147
\l__tblr_table_hlines_box=\box148
\l__tblr_hline_box=\box149
\l__tblr_row_box=\box150
\l__tblr_col_o_wd_dim=\dimen406
\l__tblr_col_b_wd_dim=\dimen407
\l__tblr_hline_leftskip_dim=\dimen408
\l__tblr_hline_rightskip_dim=\dimen409
\l__tblr_row_ht_dim=\dimen410
\l__tblr_row_dp_dim=\dimen411
\l__tblr_row_abovesep_dim=\dimen412
\l__tblr_row_belowsep_dim=\dimen413
\l__tblr_row_vlines_box=\box151
\l__tblr_vline_box=\box152
\l__tblr_cell_box=\box153
\l__row_upper_dim=\dimen414
\l__row_lower_dim=\dimen415
\l__row_vpace_dim=\dimen416
\l__tblr_vline_aboveskip_dim=\dimen417
\l__tblr_vline_belowskip_dim=\dimen418
\l__tblr_cell_wd_dim=\dimen419
\l__tblr_cell_ht_dim=\dimen420
\l__tblr_diag_box=\box154
) (/nix/store/l6hnsjs1h7bpwm3nbyklh1maabzd17nx-texlive-combined-2024-texmfdist/tex/latex/adjustbox/adjustbox.sty
Package: adjustbox 2025/02/26 v1.3c Adjusting TeX boxes (trim, clip, ...)
 (/nix/store/l6hnsjs1h7bpwm3nbyklh1maabzd17nx-texlive-combined-2024-texmfdist/tex/latex/xkeyval/xkeyval.sty
Package: xkeyval 2022/06/16 v2.9 package option processing (HA)
 (/nix/store/l6hnsjs1h7bpwm3nbyklh1maabzd17nx-texlive-combined-2024-texmfdist/tex/generic/xkeyval/xkeyval.tex (/nix/store/l6hnsjs1h7bpwm3nbyklh1maabzd17nx-texlive-combined-2024-texmfdist/tex/generic/xkeyval/xkvutils.tex
\XKV@toks=\toks79
\XKV@tempa@toks=\toks80
)
\XKV@depth=\count484
File: xkeyval.tex 2014/12/03 v2.7a key=value parser (HA)
)) (/nix/store/l6hnsjs1h7bpwm3nbyklh1maabzd17nx-texlive-combined-2024-texmfdist/tex/latex/adjustbox/adjcalc.sty
Package: adjcalc 2012/05/16 v1.1 Provides advanced setlength with multiple back-ends (calc, etex, pgfmath)
) (/nix/store/l6hnsjs1h7bpwm3nbyklh1maabzd17nx-texlive-combined-2024-texmfdist/tex/latex/adjustbox/trimclip.sty
Package: trimclip 2025/02/21 v1.2a Trim and clip general TeX material
 (/nix/store/l6hnsjs1h7bpwm3nbyklh1maabzd17nx-texlive-combined-2024-texmfdist/tex/latex/collectbox/collectbox.sty
Package: collectbox 2022/10/17 v0.4c Collect macro arguments as boxes
\collectedbox=\box155
)
\tc@llx=\dimen421
\tc@lly=\dimen422
\tc@urx=\dimen423
\tc@ury=\dimen424
Package trimclip Info: Using driver 'tc-luatex.def'.
 (/nix/store/l6hnsjs1h7bpwm3nbyklh1maabzd17nx-texlive-combined-2024-texmfdist/tex/latex/adjustbox/tc-luatex.def
File: tc-luatex.def 2025/02/26 v1.1 Clipping driver for luatex
 (/nix/store/l6hnsjs1h7bpwm3nbyklh1maabzd17nx-texlive-combined-2024-texmfdist/tex/latex/adjustbox/tc-pdftex.def
File: tc-pdftex.def 2025/02/26 v2.3 Clipping driver for pdftex
)))
\adjbox@Width=\dimen425
\adjbox@Height=\dimen426
\adjbox@Depth=\dimen427
\adjbox@Totalheight=\dimen428
\adjbox@pwidth=\dimen429
\adjbox@pheight=\dimen430
\adjbox@pdepth=\dimen431
\adjbox@ptotalheight=\dimen432
 (/nix/store/l6hnsjs1h7bpwm3nbyklh1maabzd17nx-texlive-combined-2024-texmfdist/tex/latex/ifoddpage/ifoddpage.sty
Package: ifoddpage 2022/10/18 v1.2 Conditionals for odd/even page detection
\c@checkoddpage=\count485
) (/nix/store/l6hnsjs1h7bpwm3nbyklh1maabzd17nx-texlive-combined-2024-texmfdist/tex/latex/varwidth/varwidth.sty
Package: varwidth 2009/03/30 ver 0.92;  Variable-width minipages
\@vwid@box=\box156
\sift@deathcycles=\count486
\@vwid@loff=\dimen433
\@vwid@roff=\dimen434
)) (/nix/store/l6hnsjs1h7bpwm3nbyklh1maabzd17nx-texlive-combined-2024-texmfdist/tex/latex/xskak/xskak.sty
Package: xskak 2019/06/23 version v1.5 extended chess typesetting and parsing
 (/nix/store/l6hnsjs1h7bpwm3nbyklh1maabzd17nx-texlive-combined-2024-texmfdist/tex/latex/skak/skak.sty
Package: skak 2018/01/08 v1.5.3 Chess typesetting
 (/nix/store/l6hnsjs1h7bpwm3nbyklh1maabzd17nx-texlive-combined-2024-texmfdist/tex/latex/chessfss/chessfss.sty
Package: chessfss 2006/06/14 v1.2a chess font selection scheme
 (/nix/store/l6hnsjs1h7bpwm3nbyklh1maabzd17nx-texlive-combined-2024-texmfdist/tex/latex/base/ifthen.sty
Package: ifthen 2024/03/16 v1.1e Standard LaTeX ifthen package (DPC)
) (/nix/store/l6hnsjs1h7bpwm3nbyklh1maabzd17nx-texlive-combined-2024-texmfdist/tex/latex/chessfss/lsbenc.def
File: lsbenc.def 2006/06/09 v1.2 Standard LaTeX file
) (/nix/store/l6hnsjs1h7bpwm3nbyklh1maabzd17nx-texlive-combined-2024-texmfdist/tex/latex/chessfss/lsfenc.def
File: lsfenc.def 2006/06/09 v1.2 Standard LaTeX file
) (/nix/store/l6hnsjs1h7bpwm3nbyklh1maabzd17nx-texlive-combined-2024-texmfdist/tex/latex/chessfss/lsienc.def
File: lsienc.def 2006/06/09 v1.2 Standard LaTeX file
)
\len@cfss@squarewidth=\skip77
\len@cfss@squaretotalheight=\skip78
\len@cfss@squaredepth=\skip79


Package chessfss Warning: \comment already defined 
(chessfss)                I will not overwrite it on input line 590.

) (/nix/store/l6hnsjs1h7bpwm3nbyklh1maabzd17nx-texlive-combined-2024-texmfdist/tex/plain/lambda-lists/lambda.sty)
\c@fileFrom=\count487
\c@rankFrom=\count488
\c@fileTo=\count489
\c@rankTo=\count490
\c@ps@inverse=\count491
\c@ps@knightangle=\count492
\c@halfmove=\count493
\c@move=\count494
\c@helpgobble=\count495
\c@helpnumber=\count496
\c@helpnumberMove=\count497
\squarelength=\skip80
\square@multiplier=\count498
\ranklift=\skip81
LaTeX Font Info:    Trying to load font information for LSB+skaknew on input line 1774.
 (/nix/store/l6hnsjs1h7bpwm3nbyklh1maabzd17nx-texlive-combined-2024-texmfdist/tex/latex/chessfss/lsbskaknew.fd
File: lsbskaknew.fd 2006/03/31 v1.0 Chess font definitions
)

LaTeX Font Warning: Font shape `TU/TexGyreHeros(0)/m/up' undefined
(Font)              using `TU/TexGyreHeros(0)/m/n' instead on input line 1774.

LaTeX Font Info:    Font shape `TU/TexGyreHeros(0)/m/n' will be
(Font)              scaled to size 8.20007pt on input line 1774.
\store@toks=\toks81
)
LaTeX Font Info:    Font shape `TU/TexGyreHeros(0)/m/up' will be
(Font)              scaled to size 8.20007pt on input line 37.
 (/nix/store/l6hnsjs1h7bpwm3nbyklh1maabzd17nx-texlive-combined-2024-texmfdist/tex/latex/xifthen/xifthen.sty
Package: xifthen 2015/11/05 v1.4.0 Extended ifthen features
 (/nix/store/l6hnsjs1h7bpwm3nbyklh1maabzd17nx-texlive-combined-2024-texmfdist/tex/latex/ifmtarg/ifmtarg.sty
Package: ifmtarg 2018/04/16 v1.2b check for an empty argument
)) (/nix/store/l6hnsjs1h7bpwm3nbyklh1maabzd17nx-texlive-combined-2024-texmfdist/tex/latex/chessboard/chessboard.sty
Package: chessboard 2024/11/07 version v2.0 print chessboards
 (/nix/store/l6hnsjs1h7bpwm3nbyklh1maabzd17nx-texlive-combined-2024-texmfdist/tex/generic/iftex/ifpdf.sty
Package: ifpdf 2019/10/25 v3.4 ifpdf legacy package. Use iftex instead.
)
\len@board@tempx=\skip82
\len@board@tempy=\skip83
\c@cnt@board@file=\count499
\c@cnt@board@rank=\count500
\c@cnt@board=\count501
\c@filelabel=\count502
\c@ranklabel=\count503
 (/nix/store/l6hnsjs1h7bpwm3nbyklh1maabzd17nx-texlive-combined-2024-texmfdist/tex/latex/chessboard/chessboard-keys-main.sty
File: chessboard-keys-main.sty 2024/11/07 version v2.0 key definitions for chessboard.sty
) (/nix/store/l6hnsjs1h7bpwm3nbyklh1maabzd17nx-texlive-combined-2024-texmfdist/tex/latex/chessboard/chessboard-keys-pgf.sty
File: chessboard-keys-pgf.sty 2024/11/07 version v2.0 key definitions for chessboard.sty
) (/nix/store/l6hnsjs1h7bpwm3nbyklh1maabzd17nx-texlive-combined-2024-texmfdist/tex/latex/chessboard/chessboard-pgf.sty
File: chessboard-pgf.sty 2024/11/07 version v2.0 pgf code for chessboard.sty
)) (/nix/store/l6hnsjs1h7bpwm3nbyklh1maabzd17nx-texlive-combined-2024-texmfdist/tex/latex/xskak/xskak-keys.sty
File: xskak-keys.sty 2019/06/23 version v1.5 key definitions for xskak.sty
) (/nix/store/l6hnsjs1h7bpwm3nbyklh1maabzd17nx-texlive-combined-2024-texmfdist/tex/latex/xskak/xskak-nagdef.sty
File: xskak-nagdef.sty 2019/06/23 version v1.5 nag definitions for xskak.sty
)
LaTeX Info: Redefining \variation on input line 1473.
) (/nix/store/l6hnsjs1h7bpwm3nbyklh1maabzd17nx-texlive-combined-2024-texmfdist/tex/latex/mdframed/mdframed.sty
Package: mdframed 2013/07/01 1.9b: mdframed
 (/nix/store/l6hnsjs1h7bpwm3nbyklh1maabzd17nx-texlive-combined-2024-texmfdist/tex/latex/zref/zref-abspage.sty
Package: zref-abspage 2023-09-14 v2.35 Module abspage for zref (HO)
 (/nix/store/l6hnsjs1h7bpwm3nbyklh1maabzd17nx-texlive-combined-2024-texmfdist/tex/latex/zref/zref-base.sty
Package: zref-base 2023-09-14 v2.35 Module base for zref (HO)
 (/nix/store/l6hnsjs1h7bpwm3nbyklh1maabzd17nx-texlive-combined-2024-texmfdist/tex/latex/auxhook/auxhook.sty
Package: auxhook 2019-12-17 v1.6 Hooks for auxiliary files (HO)
)
Package zref Info: New property list: main on input line 767.
Package zref Info: New property: default on input line 768.
Package zref Info: New property: page on input line 769.
)
\c@abspage=\count504
Package zref Info: New property: abspage on input line 67.
) (/nix/store/l6hnsjs1h7bpwm3nbyklh1maabzd17nx-texlive-combined-2024-texmfdist/tex/latex/needspace/needspace.sty
Package: needspace 2010/09/12 v1.3d reserve vertical space
)
\mdf@templength=\skip84
\c@mdf@globalstyle@cnt=\count505
\mdf@skipabove@length=\skip85
\mdf@skipbelow@length=\skip86
\mdf@leftmargin@length=\skip87
\mdf@rightmargin@length=\skip88
\mdf@innerleftmargin@length=\skip89
\mdf@innerrightmargin@length=\skip90
\mdf@innertopmargin@length=\skip91
\mdf@innerbottommargin@length=\skip92
\mdf@splittopskip@length=\skip93
\mdf@splitbottomskip@length=\skip94
\mdf@outermargin@length=\skip95
\mdf@innermargin@length=\skip96
\mdf@linewidth@length=\skip97
\mdf@innerlinewidth@length=\skip98
\mdf@middlelinewidth@length=\skip99
\mdf@outerlinewidth@length=\skip100
\mdf@roundcorner@length=\skip101
\mdf@footenotedistance@length=\skip102
\mdf@userdefinedwidth@length=\skip103
\mdf@needspace@length=\skip104
\mdf@frametitleaboveskip@length=\skip105
\mdf@frametitlebelowskip@length=\skip106
\mdf@frametitlerulewidth@length=\skip107
\mdf@frametitleleftmargin@length=\skip108
\mdf@frametitlerightmargin@length=\skip109
\mdf@shadowsize@length=\skip110
\mdf@extratopheight@length=\skip111
\mdf@subtitleabovelinewidth@length=\skip112
\mdf@subtitlebelowlinewidth@length=\skip113
\mdf@subtitleaboveskip@length=\skip114
\mdf@subtitlebelowskip@length=\skip115
\mdf@subtitleinneraboveskip@length=\skip116
\mdf@subtitleinnerbelowskip@length=\skip117
\mdf@subsubtitleabovelinewidth@length=\skip118
\mdf@subsubtitlebelowlinewidth@length=\skip119
\mdf@subsubtitleaboveskip@length=\skip120
\mdf@subsubtitlebelowskip@length=\skip121
\mdf@subsubtitleinneraboveskip@length=\skip122
\mdf@subsubtitleinnerbelowskip@length=\skip123
 (/nix/store/l6hnsjs1h7bpwm3nbyklh1maabzd17nx-texlive-combined-2024-texmfdist/tex/latex/mdframed/md-frame-1.mdf
File: md-frame-1.mdf 2013/07/01\ 1.9b: md-frame-1
)
\mdf@frametitlebox=\box157
\mdf@footnotebox=\box158
\mdf@splitbox@one=\box159
\mdf@splitbox@two=\box160
\mdf@splitbox@save=\box161
\mdfsplitboxwidth=\skip124
\mdfsplitboxtotalwidth=\skip125
\mdfsplitboxheight=\skip126
\mdfsplitboxdepth=\skip127
\mdfsplitboxtotalheight=\skip128
\mdfframetitleboxwidth=\skip129
\mdfframetitleboxtotalwidth=\skip130
\mdfframetitleboxheight=\skip131
\mdfframetitleboxdepth=\skip132
\mdfframetitleboxtotalheight=\skip133
\mdffootnoteboxwidth=\skip134
\mdffootnoteboxtotalwidth=\skip135
\mdffootnoteboxheight=\skip136
\mdffootnoteboxdepth=\skip137
\mdffootnoteboxtotalheight=\skip138
\mdftotallinewidth=\skip139
\mdfboundingboxwidth=\skip140
\mdfboundingboxtotalwidth=\skip141
\mdfboundingboxheight=\skip142
\mdfboundingboxdepth=\skip143
\mdfboundingboxtotalheight=\skip144
\mdf@freevspace@length=\skip145
\mdf@horizontalwidthofbox@length=\skip146
\mdf@verticalmarginwhole@length=\skip147
\mdf@horizontalspaceofbox=\skip148
\mdfsubtitleheight=\skip149
\mdfsubsubtitleheight=\skip150
\c@mdfcountframes=\count506

****** mdframed patching \endmdf@trivlist

****** -- failed******

\mdf@envdepth=\count507
\c@mdf@env@i=\count508
\c@mdf@env@ii=\count509
\c@mdf@zref@counter=\count510
Package zref Info: New property: mdf@pagevalue on input line 895.
) (./beamer_theme.tex (/nix/store/l6hnsjs1h7bpwm3nbyklh1maabzd17nx-texlive-combined-2024-texmfdist/tex/latex/beamer/beamerfontthemeprofessionalfonts.sty) (/nix/store/l6hnsjs1h7bpwm3nbyklh1maabzd17nx-texlive-combined-2024-texmfdist/tex/latex/beamertheme-tcolorbox/beamerinnerthemetcolorbox.sty
Package: beamerinnerthemetcolorbox 2025/02/01 version v0.9 Beamer blocks with tcolorboxes
 (/nix/store/l6hnsjs1h7bpwm3nbyklh1maabzd17nx-texlive-combined-2024-texmfdist/tex/latex/tcolorbox/tcbhooks.code.tex
Library (tcolorbox): 'tcbhooks.code.tex' version '6.4.1'
))) (./slides.aux)
\openout1 = slides.aux

LaTeX Font Info:    Checking defaults for OML/cmm/m/it on input line 76.
LaTeX Font Info:    ... okay on input line 76.
LaTeX Font Info:    Checking defaults for OMS/cmsy/m/n on input line 76.
LaTeX Font Info:    ... okay on input line 76.
LaTeX Font Info:    Checking defaults for OT1/cmr/m/n on input line 76.
LaTeX Font Info:    ... okay on input line 76.
LaTeX Font Info:    Checking defaults for T1/cmr/m/n on input line 76.
LaTeX Font Info:    ... okay on input line 76.
LaTeX Font Info:    Checking defaults for TS1/cmr/m/n on input line 76.
LaTeX Font Info:    ... okay on input line 76.
LaTeX Font Info:    Checking defaults for TU/lmr/m/n on input line 76.
LaTeX Font Info:    ... okay on input line 76.
LaTeX Font Info:    Checking defaults for OMX/cmex/m/n on input line 76.
LaTeX Font Info:    ... okay on input line 76.
LaTeX Font Info:    Checking defaults for U/cmr/m/n on input line 76.
LaTeX Font Info:    ... okay on input line 76.
LaTeX Font Info:    Checking defaults for PD1/pdf/m/n on input line 76.
LaTeX Font Info:    ... okay on input line 76.
LaTeX Font Info:    Checking defaults for PU/pdf/m/n on input line 76.
LaTeX Font Info:    ... okay on input line 76.
LaTeX Font Info:    Checking defaults for LSBC4/skaknew/m/n on input line 76.
LaTeX Font Info:    ... okay on input line 76.
LaTeX Font Info:    Checking defaults for LSB/skaknew/m/n on input line 76.
LaTeX Font Info:    ... okay on input line 76.
LaTeX Font Info:    Checking defaults for LSF/skaknew/m/n on input line 76.
LaTeX Font Info:    Trying to load font information for LSF+skaknew on input line 76.
 (/nix/store/l6hnsjs1h7bpwm3nbyklh1maabzd17nx-texlive-combined-2024-texmfdist/tex/latex/chessfss/lsfskaknew.fd
File: lsfskaknew.fd 2006/03/31 v1.0 Chess font definitions
)
LaTeX Font Info:    ... okay on input line 76.
LaTeX Font Info:    Checking defaults for LSI/skaknew/m/n on input line 76.
LaTeX Font Info:    Trying to load font information for LSI+skaknew on input line 76.
 (/nix/store/l6hnsjs1h7bpwm3nbyklh1maabzd17nx-texlive-combined-2024-texmfdist/tex/latex/chessfss/lsiskaknew.fd
File: lsiskaknew.fd 2006/03/31 v1.0 Chess font definitions
)
LaTeX Font Info:    ... okay on input line 76.

*geometry* driver: auto-detecting
*geometry* detected driver: luatex
*geometry* verbose mode - [ preamble ] result:
* driver: luatex
* paper: custom
* layout: <same size as paper>
* layoutoffset:(h,v)=(0.0pt,0.0pt)
* modes: includehead includefoot 
* h-part:(L,W,R)=(28.45274pt, 398.3386pt, 28.45274pt)
* v-part:(T,H,B)=(0.0pt, 256.0748pt, 0.0pt)
* \paperwidth=455.24408pt
* \paperheight=256.0748pt
* \textwidth=398.3386pt
* \textheight=227.62207pt
* \oddsidemargin=-43.81725pt
* \evensidemargin=-43.81725pt
* \topmargin=-72.26999pt
* \headheight=14.22636pt
* \headsep=0.0pt
* \topskip=11.0pt
* \footskip=14.22636pt
* \marginparwidth=4.0pt
* \marginparsep=10.0pt
* \columnsep=10.0pt
* \skip\footins=10.0pt plus 4.0pt minus 2.0pt
* \hoffset=0.0pt
* \voffset=0.0pt
* \mag=1000
* \@twocolumnfalse
* \@twosidefalse
* \@mparswitchfalse
* \@reversemarginfalse
* (1in=72.27pt=25.4mm, 1cm=28.453pt)

(/nix/store/l6hnsjs1h7bpwm3nbyklh1maabzd17nx-texlive-combined-2024-texmfdist/tex/context/base/mkii/supp-pdf.mkii
[Loading MPS to PDF converter (version 2006.09.02).]
\scratchcounter=\count511
\scratchdimen=\dimen435
\scratchbox=\box162
\nofMPsegments=\count512
\nofMParguments=\count513
\everyMPshowfont=\toks82
\MPscratchCnt=\count514
\MPscratchDim=\dimen436
\MPnumerator=\count515
\makeMPintoPDFobject=\count516
\everyMPtoPDFconversion=\toks83
) (/nix/store/l6hnsjs1h7bpwm3nbyklh1maabzd17nx-texlive-combined-2024-texmfdist/tex/latex/epstopdf-pkg/epstopdf-base.sty
Package: epstopdf-base 2020-01-24 v2.11 Base part for package epstopdf
Package epstopdf-base Info: Redefining graphics rule for `.eps' on input line 485.
 (/nix/store/l6hnsjs1h7bpwm3nbyklh1maabzd17nx-texlive-combined-2024-texmfdist/tex/latex/latexconfig/epstopdf-sys.cfg
File: epstopdf-sys.cfg 2010/07/13 v1.3 Configuration of (r)epstopdf for TeX Live
))
Package hyperref Info: Link coloring ON on input line 76.
 (./slides.out) (./slides.out)
\@outlinefile=\write7

\openout7 = slides.out
 (/nix/store/l6hnsjs1h7bpwm3nbyklh1maabzd17nx-texlive-combined-2024-texmfdist/tex/latex/translator/translator-basic-dictionary-English.dict
Dictionary: translator-basic-dictionary, Language: English 
) (/nix/store/l6hnsjs1h7bpwm3nbyklh1maabzd17nx-texlive-combined-2024-texmfdist/tex/latex/translator/translator-bibliography-dictionary-English.dict
Dictionary: translator-bibliography-dictionary, Language: English 
) (/nix/store/l6hnsjs1h7bpwm3nbyklh1maabzd17nx-texlive-combined-2024-texmfdist/tex/latex/translator/translator-environment-dictionary-English.dict
Dictionary: translator-environment-dictionary, Language: English 
) (/nix/store/l6hnsjs1h7bpwm3nbyklh1maabzd17nx-texlive-combined-2024-texmfdist/tex/latex/translator/translator-months-dictionary-English.dict
Dictionary: translator-months-dictionary, Language: English 
) (/nix/store/l6hnsjs1h7bpwm3nbyklh1maabzd17nx-texlive-combined-2024-texmfdist/tex/latex/translator/translator-numbers-dictionary-English.dict
Dictionary: translator-numbers-dictionary, Language: English 
) (/nix/store/l6hnsjs1h7bpwm3nbyklh1maabzd17nx-texlive-combined-2024-texmfdist/tex/latex/translator/translator-theorem-dictionary-English.dict
Dictionary: translator-theorem-dictionary, Language: English 
)
Package caption Info: Begin \AtBeginDocument code.
Package caption Info: float package is loaded.
Package caption Info: End \AtBeginDocument code.
 (/nix/store/l6hnsjs1h7bpwm3nbyklh1maabzd17nx-texlive-combined-2024-texmfdist/tex/latex/ninecolors/ninecolors.sty
Package: ninecolors 2022-02-13 v2022D Select colors with proper color contrast
) (./slides.nav)
LaTeX Font Info:    Font shape `TU/TexGyreHeros(0)/m/n' will be
(Font)              scaled to size 4.92004pt on input line 76.
Package mdframed Info: mdframed detected package amsthm 
 changed the theorem header of amsthm
(mdframed)              on input line 117.
LaTeX Font Info:    Font shape `TU/TexGyreHeros(0)/m/n' will be
(Font)              scaled to size 17.00694pt on input line 117.
LaTeX Font Info:    Font shape `TU/TexGyreHeros(0)/b/n' will be
(Font)              scaled to size 17.00694pt on input line 117.
LaTeX Font Info:    Font shape `TU/TexGyrePagella(0)/b/n' will be
(Font)              scaled to size 18.2513pt on input line 117.
LaTeX Font Info:    Font shape `TU/TexGyreHeros(0)/m/n' will be
(Font)              scaled to size 11.80809pt on input line 117.
LaTeX Font Info:    Font shape `TU/TexGyreHeros(0)/b/n' will be
(Font)              scaled to size 11.80809pt on input line 117.
Package mdframed Info: mdframed inside a box 
 mdframed uses option nobreak mdframed on input line 117.


<background.png, id=38, 228.855pt x 128.8815pt>
File: background.png Graphic file (type png)
<use background.png>
Package luatex.def Info: background.png  used on input line 117.
(luatex.def)             Requested size: 455.24408pt x 256.38576pt.
[1

{/nix/store/bnfjjlbh8fp38a8dcyzfrlkl31n4r4gk-texlive-combined-2024/share/texmf-var/fonts/map/pdftex/updmap/pdftex.map}<./background.png>]
LaTeX Font Info:    Font shape `TU/TexGyreHeros(0)/m/n' will be
(Font)              scaled to size 9.84009pt on input line 136.
LaTeX Font Info:    Font shape `TU/SourceCodePro(0)/m/n' will be
(Font)              scaled to size 8.97906pt on input line 136.


LaTeX Font Info:    Font shape `TU/TexGyreHeros(0)/m/n' will be
(Font)              scaled to size 3.28003pt on input line 136.
[2

]
LaTeX Font Info:    Font shape `TU/StixTwoMath(1)/m/n' will be
(Font)              scaled to size 11.03998pt on input line 156.
LaTeX Font Info:    Font shape `TU/StixTwoMath(1)/m/n' will be
(Font)              scaled to size 7.35999pt on input line 156.
LaTeX Font Info:    Font shape `TU/StixTwoMath(1)/m/n' will be
(Font)              scaled to size 5.51999pt on input line 156.
LaTeX Font Info:    Font shape `TU/StixTwoMath(2)/m/n' will be
(Font)              scaled to size 11.03998pt on input line 156.
LaTeX Font Info:    Font shape `TU/StixTwoMath(2)/m/n' will be
(Font)              scaled to size 7.35999pt on input line 156.
LaTeX Font Info:    Font shape `TU/StixTwoMath(2)/m/n' will be
(Font)              scaled to size 5.51999pt on input line 156.
LaTeX Font Info:    Font shape `TU/StixTwoMath(3)/m/n' will be
(Font)              scaled to size 11.03998pt on input line 156.
LaTeX Font Info:    Font shape `TU/StixTwoMath(3)/m/n' will be
(Font)              scaled to size 7.35999pt on input line 156.
LaTeX Font Info:    Font shape `TU/StixTwoMath(3)/m/n' will be
(Font)              scaled to size 5.51999pt on input line 156.
LaTeX Font Info:    Font shape `TU/TexGyreHeros(0)/m/n' will be
(Font)              scaled to size 6.28534pt on input line 156.
LaTeX Font Info:    Font shape `TU/TexGyreHeros(0)/m/n' will be
(Font)              scaled to size 4.93849pt on input line 156.


[3

]
LaTeX Font Info:    Trying to load font information for LSB+berlin on input line 199.
LaTeX Font Info:    No file LSBberlin.fd. on input line 199.


LaTeX Font Warning: Font shape `LSB/berlin/m/n' undefined
(Font)              using `LSB/skaknew/m/n' instead on input line 199.

LaTeX Font Info:    Trying to load font information for LSBC4+berlin on input line 199.
LaTeX Font Info:    No file LSBC4berlin.fd. on input line 199.

LaTeX Font Warning: Font shape `LSBC4/berlin/m/n' undefined
(Font)              using `LSBC4/skaknew/m/n' instead on input line 199.

LaTeX Font Info:    Font shape `TU/TexGyreHeros(0)/m/n' will be
(Font)              scaled to size 7.38007pt on input line 199.
> Step: init table outer spec.
> Step: parse table options.
> Step: split table.
> Step: init table inner spec.
> Step: parse table inner spec.
> Step: execute table commands.
> Step: calculate cell and line sizes.
LaTeX Font Info:    Font shape `TU/StixTwoMath(1)/m/n' will be
(Font)              scaled to size 8.27998pt on input line 199.
LaTeX Font Info:    Font shape `TU/StixTwoMath(1)/m/n' will be
(Font)              scaled to size 4.59999pt on input line 199.
LaTeX Font Info:    Font shape `TU/StixTwoMath(2)/m/n' will be
(Font)              scaled to size 8.27998pt on input line 199.
LaTeX Font Info:    Font shape `TU/StixTwoMath(2)/m/n' will be
(Font)              scaled to size 4.59999pt on input line 199.
LaTeX Font Info:    Font shape `TU/StixTwoMath(3)/m/n' will be
(Font)              scaled to size 8.27998pt on input line 199.
LaTeX Font Info:    Font shape `TU/StixTwoMath(3)/m/n' will be
(Font)              scaled to size 4.59999pt on input line 199.
LaTeX Font Info:    Font shape `TU/TexGyreHeros(0)/b/n' will be
(Font)              scaled to size 7.38007pt on input line 199.
> Step: build the whole table.

Overfull \vbox (108.41971pt too high) detected at line 199
 []



[4

]
> Step: init table outer spec.
> Step: parse table options.
> Step: split table.
> Step: init table inner spec.
> Step: parse table inner spec.
> Step: execute table commands.
> Step: calculate cell and line sizes.
> Step: build the whole table.
LaTeX Font Info:    Font shape `TU/TexGyreHeros(0)/m/n' will be
(Font)              scaled to size 4.10004pt on input line 222.


[5

]
<./fig/zobrist_monte_carlo.png, id=89, 810.6285pt x 364.9635pt>
File: ./fig/zobrist_monte_carlo.png Graphic file (type png)
<use ./fig/zobrist_monte_carlo.png>
Package luatex.def Info: ./fig/zobrist_monte_carlo.png  used on input line 231.
(luatex.def)             Requested size: 398.3386pt x 179.34044pt.


[6

<./fig/zobrist_monte_carlo.png>]
LaTeX Font Info:    Font shape `TU/TexGyreHeros(1)/b/n' will be
(Font)              scaled to size 8.97906pt on input line 277.
LaTeX Font Info:    Font shape `TU/TexGyreHeros(1)/b/n' will be
(Font)              scaled to size 6.28534pt on input line 277.
LaTeX Font Info:    Font shape `TU/TexGyreHeros(1)/b/n' will be
(Font)              scaled to size 4.93849pt on input line 277.
> Step: init table outer spec.
> Step: parse table options.
> Step: split table.
> Step: init table inner spec.
> Step: parse table inner spec.
> Step: execute table commands.
> Step: calculate cell and line sizes.
LaTeX Font Info:    Font shape `TU/TexGyreHeros(0)/m/n' will be
(Font)              scaled to size 6.56006pt on input line 277.
> Step: build the whole table.
> Step: init table outer spec.
> Step: parse table options.
> Step: split table.
> Step: init table inner spec.
> Step: parse table inner spec.
> Step: execute table commands.
> Step: calculate cell and line sizes.
LaTeX Font Info:    Font shape `TU/TexGyreHeros(1)/b/n' will be
(Font)              scaled to size 7.38007pt on input line 277.
LaTeX Font Info:    Font shape `TU/TexGyreHeros(1)/b/n' will be
(Font)              scaled to size 4.92004pt on input line 277.
LaTeX Font Info:    Font shape `TU/TexGyreHeros(1)/b/n' will be
(Font)              scaled to size 4.10004pt on input line 277.
> Step: build the whole table.


[7

]

[8

]
\tf@nav=\write8

\openout8 = slides.nav
\tf@toc=\write9

\openout9 = slides.toc
\tf@snm=\write10

\openout10 = slides.snm
runsystem(latexminted cleantemp  --timestamp 19800101010000 F4D5C52946E476C66DFC36433C82AA78)...executed.
 (./slides.aux)
 ***********
LaTeX2e <2024-11-01> patch level 2
L3 programming layer <2025-01-18>
 ***********


LaTeX Font Warning: Some font shapes were not available, defaults substituted.

Package rerunfilecheck Info: File `slides.out' has not changed.
(rerunfilecheck)             Checksum: D41D8CD98F00B204E9800998ECF8427E;0.
)

Here is how much of LuaTeX's memory you used:
 65885 strings out of 475512
 100000,2848258 words of node,token memory allocated
 17631 words of node memory still in use:
   372 hlist, 19 vlist, 13 rule, 12 disc, 7 local_par, 51 math, 522 glue, 42 kern, 47 penalty, 311 glyph, 1806 attribute, 109 glue_spec, 904 attribute_list, 4 write, 413 pdf_literal nodes
   avail lists: 1:1,2:3931,3:1017,4:22,5:184,6:185,7:4418,8:88,9:3511,10:20,11:185
 87342 multiletter control sequences out of 65536+600000
 190 fonts using 80924783 bytes
 128i,15n,127p,1672b,1848s stack positions out of 10000i,1000n,20000p,200000b,200000s
</nix/store/l6hnsjs1h7bpwm3nbyklh1maabzd17nx-texlive-combined-2024-texmfdist/fonts/opentype/public/tex-gyre/texgyreheros-bold.otf></nix/store/l6hnsjs1h7bpwm3nbyklh1maabzd17nx-texlive-combined-2024-texmfdist/fonts/opentype/public/stix2-otf/STIXTwoMath-Regular.otf></nix/store/l6hnsjs1h7bpwm3nbyklh1maabzd17nx-texlive-combined-2024-texmfdist/fonts/opentype/public/stix2-otf/STIXTwoMath-Regular.otf></nix/store/l6hnsjs1h7bpwm3nbyklh1maabzd17nx-texlive-combined-2024-texmfdist/fonts/opentype/public/gnu-freefont/FreeSerif.otf></nix/store/mznxg1pmnjavbkwh7lvvsphckjfff7lj-home-manager-path/share/fonts/opentype/SourceCodePro-Regular.otf></nix/store/l6hnsjs1h7bpwm3nbyklh1maabzd17nx-texlive-combined-2024-texmfdist/fonts/opentype/public/stix2-otf/STIXTwoMath-Regular.otf></nix/store/l6hnsjs1h7bpwm3nbyklh1maabzd17nx-texlive-combined-2024-texmfdist/fonts/opentype/public/tex-gyre/texgyreheros-regular.otf></nix/store/l6hnsjs1h7bpwm3nbyklh1maabzd17nx-texlive-combined-2024-texmfdist/fonts/opentype/public/tex-gyre/texgyreheros-bold.otf></nix/store/l6hnsjs1h7bpwm3nbyklh1maabzd17nx-texlive-combined-2024-texmfdist/fonts/opentype/public/tex-gyre/texgyrepagella-bold.otf></nix/store/l6hnsjs1h7bpwm3nbyklh1maabzd17nx-texlive-combined-2024-texmfdist/fonts/type1/public/skaknew/SkakNew-DiagramT.pfb></nix/store/l6hnsjs1h7bpwm3nbyklh1maabzd17nx-texlive-combined-2024-texmfdist/fonts/type1/public/amsfonts/symbols/msam10.pfb></nix/store/l6hnsjs1h7bpwm3nbyklh1maabzd17nx-texlive-combined-2024-texmfdist/fonts/type1/public/amsfonts/symbols/msam7.pfb>
Output written on slides.pdf (8 pages, 1534579 bytes).

PDF statistics: 184 PDF objects out of 1000 (max. 8388607)
 109 compressed objects within 2 object streams
 17 named destinations out of 1000 (max. 131072)
 176 words of extra memory for PDF output out of 10000 (max. 100000000)

